Date,Home_Team,Away_Team,Closing_Total,Num_Books
2023-11-06,Oregon Ducks,Georgia Bulldogs,141.0,1
2023-11-07,Kansas St Wildcats,USC Trojans,144.0,1
2023-11-06,Georgia Bulldogs,Oregon Ducks,141.0,8
2023-11-06,UConn Huskies,Northern Arizona Lumberjacks,140.9,7
2023-11-06,Purdue Boilermakers,Samford Bulldogs,143.5,7
2023-11-06,Tennessee Volunteers,Tennessee Tech Golden Eagles,134.5,7
2023-11-07,Bowling Green Falcons,Chicago St Cougars,146.5,1
2023-11-07,Colgate Raiders,Brown Bears,146.0,1
2023-11-07,Bucknell Bison,Delaware Blue Hens,141.0,1
2023-11-07,Rhode Island Rams,Central Connecticut St Blue Devils,135.5,1
2023-11-07,Charleston Cougars,Iona Gaels,150.0,2
2023-11-07,Charlotte 49ers,Maine Black Bears,131.0,2
2023-11-07,Clemson Tigers,Winthrop Eagles,146.5,1
2023-11-07,Duquesne Dukes,Cleveland St Vikings,142.0,4
2023-11-07,Providence Friars,Columbia Lions,144.8,4
2023-11-07,Dayton Flyers,SIU-Edwardsville Cougars,135.1,5
2023-11-07,Penn State Nittany Lions,Delaware St Hornets,140.6,5
2023-11-07,Toledo Rockets,Detroit Mercy Titans,153.4,4
2023-11-07,Siena Saints,Holy Cross Crusaders,138.5,1
2023-11-07,Saint Joseph's Hawks,Lafayette Leopards,138.0,2
2023-11-07,Louisville Cardinals,UMBC Retrievers,143.5,1
2023-11-07,Marshall Thundering Herd,Queens University Royals,157.5,1
2023-11-07,Miami Hurricanes,NJIT Highlanders,144.0,1
2023-11-07,West Virginia Mountaineers,Missouri St Bears,135.9,7
2023-11-07,NC State Wolfpack,The Citadel Bulldogs,145.2,5
2023-11-07,Syracuse Orange,New Hampshire Wildcats,139.8,2
2023-11-07,Notre Dame Fighting Irish,Niagara Purple Eagles,129.8,4
2023-11-07,Pittsburgh Panthers,North Carolina A&T Aggies,142.4,4
2023-11-07,North Carolina Tar Heels,Radford Highlanders,143.1,4
2023-11-07,Western Michigan Broncos,North Dakota St Bison,141.1,4
2023-11-07,Ohio State Buckeyes,Oakland Golden Grizzlies,144.3,7
2023-11-07,Rutgers Scarlet Knights,Princeton Tigers,137.5,4
2023-11-07,South Carolina Gamecocks,South Carolina Upstate Spartans,136.8,2
2023-11-07,Villanova Wildcats,American Eagles,140.9,4
2023-11-07,Belmont Bruins,Georgia St Panthers,145.0,4
2023-11-07,Bryant Bulldogs,Manhattan Jaspers,145.0,1
2023-11-07,Buffalo Bulls,Fairleigh Dickinson Knights,150.5,1
2023-11-07,Colorado Buffaloes,Towson Tigers,139.1,7
2023-11-07,Lehigh Mountain Hawks,Cornell Big Red,155.0,1
2023-11-07,Fordham Rams,Wagner Seahawks,129.8,2
2023-11-07,Georgia Tech Yellow Jackets,Georgia Southern Eagles,138.4,5
2023-11-07,Wichita St Shockers,Lipscomb Bisons,145.0,1
2023-11-07,Temple Owls,Maryland-Eastern Shore Hawks,134.5,1
2023-11-07,Vermont Catamounts,Merrimack Warriors,131.0,1
2023-11-07,Seton Hall Pirates,Saint Peter's Peacocks,126.1,4
2023-11-07,Alabama Crimson Tide,Morehead St Eagles,143.2,7
2023-11-07,Ole Miss Rebels,Alabama St Hornets,137.0,1
2023-11-07,Arkansas Razorbacks,Alcorn St Braves,145.0,5
2023-11-07,Wisconsin Badgers,Arkansas St Red Wolves,135.2,4
2023-11-07,Arkansas-Little Rock Trojans,Texas State Bobcats,141.2,4
2023-11-07,Missouri Tigers,Arkansas-Pine Bluff Golden Lions,149.5,1
2023-11-07,Army Knights,Marist Red Foxes,136.5,1
2023-11-07,Minnesota Golden Gophers,Bethune-Cookman Wildcats,139.8,2
2023-11-07,Northwestern Wildcats,Binghamton Bearcats,135.8,2
2023-11-07,Boston College Eagles,Fairfield Stags,132.5,4
2023-11-07,Northeastern Huskies,Boston Univ. Terriers,131.2,2
2023-11-07,UAB Blazers,Bradley Braves,140.2,4
2023-11-07,Butler Bulldogs,Eastern Michigan Eagles,141.5,4
2023-11-07,Campbell Fighting Camels,Navy Midshipmen,131.0,1
2023-11-07,Tulsa Golden Hurricane,Central Arkansas Bears,149.5,2
2023-11-07,Oklahoma Sooners,Central Michigan Chippewas,136.5,4
2023-11-07,Illinois Fighting Illini,Eastern Illinois Panthers,141.6,5
2023-11-07,Wake Forest Demon Deacons,Elon Phoenix,142.0,4
2023-11-07,Evansville Purple Aces,Miami (OH) RedHawks,142.4,5
2023-11-07,Florida Gators,Loyola (MD) Greyhounds,141.0,2
2023-11-07,UCF Knights,Florida Int'l Golden Panthers,139.5,2
2023-11-07,George Washington Colonials,Stonehill Skyhawks,144.8,2
2023-11-07,Iowa State Cyclones,Green Bay Phoenix,133.1,5
2023-11-07,Houston Cougars,UL Monroe Warhawks,134.2,7
2023-11-07,Texas Longhorns,Incarnate Word Cardinals,144.7,5
2023-11-07,Memphis Tigers,Jackson St Tigers,147.5,1
2023-11-07,Kansas Jayhawks,North Carolina Central Eagles,142.4,5
2023-11-07,Kentucky Wildcats,New Mexico St Aggies,141.9,7
2023-11-07,LSU Tigers,Miss Valley St Delta Devils,138.0,5
2023-11-07,Nebraska Cornhuskers,Lindenwood Lions,142.5,5
2023-11-07,UT-Arlington Mavericks,Oral Roberts Golden Eagles,144.7,5
2023-11-07,Xavier Musketeers,Robert Morris Colonials,143.6,5
2023-11-07,Saint Louis Billikens,Southern Indiana Screaming Eagles,147.5,4
2023-11-07,Texas A&M Aggies,Texas A&M-Commerce Lions,138.1,4
2023-11-07,UTSA Roadrunners,Western Illinois Leathernecks,144.5,2
2023-11-07,Michigan St Spartans,James Madison Dukes,143.5,6
2023-11-07,Louisiana Ragin' Cajuns,Youngstown St Penguins,149.5,2
2023-11-07,Marquette Golden Eagles,Northern Illinois Huskies,148.2,4
2023-11-07,Middle Tennessee Blue Raiders,Northern Kentucky Norse,133.5,2
2023-11-07,Oklahoma St Cowboys,Abilene Christian Wildcats,140.9,4
2023-11-07,BYU Cougars,Houston Baptist Huskies,153.0,1
2023-11-07,California Golden Bears,St. Thomas (MN) Tommies,143.3,5
2023-11-07,Cincinnati Bearcats,UIC Flames,142.1,4
2023-11-07,Duke Blue Devils,Dartmouth Big Green,140.8,7
2023-11-07,Grand Canyon Antelopes,SE Missouri St Redhawks,143.5,4
2023-11-07,Tulane Green Wave,Nicholls St Colonels,157.0,1
2023-11-07,TCU Horned Frogs,Southern Jaguars,141.2,2
2023-11-07,South Dakota St Jackrabbits,Akron Zips,141.1,4
2023-11-07,Air Force Falcons,Portland St Vikings,139.5,4
2023-11-07,Arizona Wildcats,Morgan St Bears,155.1,5
2023-11-07,Utah Utes,Eastern Washington Eagles,142.8,4
2023-11-07,New Mexico Lobos,Texas Southern Tigers,152.2,2
2023-11-07,CSU Bakersfield Roadrunners,Southern Utah Thunderbirds,136.2,5
2023-11-07,Colorado St Rams,Louisiana Tech Bulldogs,140.8,4
2023-11-07,Kansas St Wildcats,USC Trojans,143.6,8
2023-11-07,Pacific Tigers,Sam Houston St Bearkats,140.6,7
2023-11-07,San Diego St Aztecs,CSU Fullerton Titans,131.4,7
2023-11-07,UC San Diego Tritons,Denver Pioneers,146.5,4
2023-11-07,Portland Pilots,Long Beach St 49ers,157.7,7
2023-11-07,Stanford Cardinal,CSU Northridge Matadors,141.9,4
2023-11-07,Washington St Cougars,Idaho Vandals,137.7,5
2023-11-07,Washington Huskies,Bellarmine Knights,139.0,2
2023-11-07,UCLA Bruins,St. Francis (PA) Red Flash,139.1,4
2023-11-08,Iowa Hawkeyes,North Dakota Fighting Hawks,155.5,3
2023-11-08,Michigan Wolverines,UNC Asheville Bulldogs,137.5,3
2023-11-08,Baylor Bears,Auburn Tigers,145.0,3
2023-11-09,Mississippi St Bulldogs,Arizona St Sun Devils,134.0,3
2023-11-07,La Salle Explorers,Drexel Dragons,134.8,12
2023-11-07,Indiana Hoosiers,Florida Gulf Coast Eagles,143.1,7
2023-11-08,Massachusetts Minutemen,Albany Great Danes,145.9,8
2023-11-08,Maryland Terrapins,Mt. St. Mary's Mountaineers,131.3,12
2023-11-08,St. John's Red Storm,Stony Brook Seawolves,144.1,8
2023-11-08,Iowa Hawkeyes,North Dakota Fighting Hawks,153.9,13
2023-11-08,North Texas Mean Green,Northern Iowa Panthers,129.1,12
2023-11-08,Vanderbilt Commodores,Presbyterian Blue Hose,136.3,8
2023-11-08,Michigan Wolverines,UNC Asheville Bulldogs,141.6,9
2023-11-08,Baylor Bears,Auburn Tigers,143.3,13
2023-11-08,Creighton Bluejays,Florida A&M Rattlers,139.5,8
2023-11-08,DePaul Blue Demons,Fort Wayne Mastodons,143.5,12
2023-11-08,Nevada Wolf Pack,Sacramento St Hornets,135.8,12
2023-11-08,San José St Spartans,UC Irvine Anteaters,132.8,12
2023-11-09,Mississippi St Bulldogs,Arizona St Sun Devils,134.0,3
2023-11-10,LIU Sharks,Air Force Falcons,134.4,8
2023-11-10,Quinnipiac Bobcats,Central Connecticut St Blue Devils,145.4,8
2023-11-10,Liberty Flames,Charlotte 49ers,130.7,12
2023-11-10,Duquesne Dukes,Charleston Cougars,154.6,13
2023-11-10,Dartmouth Big Green,UMass Lowell River Hawks,147.1,7
2023-11-10,Florida St Seminoles,Kennesaw St Owls,148.8,8
2023-11-10,Xavier Musketeers,Jacksonville Dolphins,138.5,8
2023-11-10,Villanova Wildcats,Le Moyne Dolphins,147.2,4
2023-11-10,Michigan Wolverines,Youngstown St Penguins,150.8,13
2023-11-10,Saint Joseph's Hawks,Pennsylvania Quakers,149.3,13
2023-11-11,NC State Wolfpack,Abilene Christian Wildcats,146.3,13
2023-11-11,Akron Zips,Southern Miss Golden Eagles,139.3,12
2023-11-11,George Mason Patriots,Austin Peay Governors,137.3,7
2023-11-11,Furman Paladins,Belmont Bruins,159.5,13
2023-11-11,Pittsburgh Panthers,Binghamton Bearcats,144.4,8
2023-11-11,The Citadel Bulldogs,Boston College Eagles,142.3,13
2023-11-11,Rutgers Scarlet Knights,Boston Univ. Terriers,128.9,7
2023-11-11,Louisville Cardinals,Chattanooga Mocs,151.0,13
2023-11-11,Cincinnati Bearcats,Detroit Mercy Titans,146.9,13
2023-11-11,Maryland Terrapins,Davidson Wildcats,136.6,13
2023-11-11,Florida Gators,Virginia Cavaliers,134.0,11
2023-11-11,Georgia Bulldogs,Wake Forest Demon Deacons,153.7,13
2023-11-11,Hofstra Pride,Princeton Tigers,145.6,13
2023-11-11,Iona Gaels,Sacred Heart Pioneers,150.0,8
2023-11-11,Kentucky Wildcats,Texas A&M-Commerce Lions,142.6,7
2023-11-11,Marshall Thundering Herd,Radford Highlanders,147.1,7
2023-11-11,Miami Hurricanes,UCF Knights,146.8,13
2023-11-11,West Virginia Mountaineers,Monmouth Hawks,142.8,12
2023-11-11,Purdue Boilermakers,Morehead St Eagles,139.2,13
2023-11-11,UNC Greensboro Spartans,North Carolina A&T Aggies,139.9,12
2023-11-11,Ohio State Buckeyes,Texas A&M Aggies,138.6,13
2023-11-11,Oregon St Beavers,Troy Trojans,137.3,13
2023-11-11,VCU Rams,Samford Bulldogs,146.5,12
2023-11-11,Vanderbilt Commodores,South Carolina Upstate Spartans,145.5,8
2023-11-11,Duke Blue Devils,Arizona Wildcats,154.1,13
2023-11-11,Penn State Nittany Lions,Lehigh Mountain Hawks,144.5,8
2023-11-11,Minnesota Golden Gophers,UTSA Roadrunners,146.5,13
2023-11-11,Alabama Crimson Tide,Indiana St Sycamores,162.1,12
2023-11-11,Iowa Hawkeyes,Alabama St Hornets,155.3,8
2023-11-11,Arkansas Razorbacks,Gardner-Webb Bulldogs,143.3,7
2023-11-11,Auburn Tigers,SE Louisiana Lions,153.2,8
2023-11-11,Kansas St Wildcats,Bellarmine Knights,144.4,8
2023-11-11,Colorado Buffaloes,Grambling St Tigers,137.6,8
2023-11-11,Ole Miss Rebels,Eastern Washington Eagles,143.3,13
2023-11-11,Rice Owls,Harvard Crimson,145.5,12
2023-11-11,Illinois Fighting Illini,Oakland Golden Grizzlies,148.9,12
2023-11-11,Kansas Jayhawks,Manhattan Jaspers,140.4,11
2023-11-11,LSU Tigers,Nicholls St Colonels,147.0,7
2023-11-11,Oklahoma Sooners,Miss Valley St Delta Devils,138.9,7
2023-11-11,Murray St Racers,Tennessee Tech Golden Eagles,144.3,12
2023-11-11,Southern Illinois Salukis,Queens University Royals,140.6,7
2023-11-11,South Dakota Coyotes,UT Rio Grande Valley Vaqueros,151.0,11
2023-11-11,UIC Flames,Arkansas-Little Rock Trojans,152.4,13
2023-11-11,Butler Bulldogs,SE Missouri St Redhawks,147.5,12
2023-11-11,Northwestern Wildcats,Dayton Flyers,126.8,13
2023-11-11,St. Thomas (MN) Tommies,Idaho State Bengals,136.5,12
2023-11-11,Marquette Golden Eagles,Rider Broncs,147.9,13
2023-11-11,Navy Midshipmen,Temple Owls,130.2,8
2023-11-11,BYU Cougars,San Diego St Aztecs,145.7,12
2023-11-11,Colorado St Rams,Wright St Raiders,155.5,12
2023-11-11,Texas Longhorns,Delaware St Hornets,144.6,7
2023-11-11,Gonzaga Bulldogs,Yale Bulldogs,154.5,13
2023-11-11,Valparaiso Beacons,IUPUI Jaguars,145.4,12
2023-11-11,Missouri Tigers,Memphis Tigers,159.8,12
2023-11-11,Oregon Ducks,Montana Grizzlies,142.9,12
2023-11-11,Stanford Cardinal,Sacramento St Hornets,143.1,12
2023-11-11,Wisconsin Badgers,Tennessee Volunteers,131.6,13
2023-11-11,UAB Blazers,Clemson Tigers,144.8,12
2023-11-11,South Carolina Gamecocks,Virginia Tech Hokies,142.0,11
2023-11-11,Cal Baptist Lancers,Jackson St Tigers,142.9,7
2023-11-11,Washington St Cougars,Prairie View Panthers,136.9,7
2023-11-11,Utah Utes,UC Riverside Highlanders,140.2,13
2023-11-11,California Golden Bears,Pacific Tigers,141.5,12
2023-11-11,UCLA Bruins,Lafayette Leopards,129.5,7
2023-11-15,Duke Blue Devils,Michigan St Spartans,148.5,1
2023-11-15,Kentucky Wildcats,Kansas Jayhawks,150.5,1
2023-11-13,St. John's Red Storm,Michigan Wolverines,155.3,13
2023-11-14,American Eagles,Siena Saints,136.5,7
2023-11-14,Butler Bulldogs,East Tennessee St Buccaneers,145.6,13
2023-11-14,Florida St Seminoles,Central Michigan Chippewas,153.0,13
2023-11-14,Duquesne Dukes,Stony Brook Seawolves,146.3,13
2023-11-14,Pittsburgh Panthers,Florida Gulf Coast Eagles,144.9,8
2023-11-14,Miami Hurricanes,Florida Int'l Golden Panthers,162.3,12
2023-11-14,Norfolk St Spartans,Hampton Pirates,146.8,6
2023-11-14,Massachusetts Minutemen,Quinnipiac Bobcats,152.2,12
2023-11-14,South Carolina St Bulldogs,North Florida Ospreys,155.6,8
2023-11-14,Pennsylvania Quakers,Villanova Wildcats,141.9,13
2023-11-14,Presbyterian Blue Hose,The Citadel Bulldogs,135.4,7
2023-11-14,South Carolina Gamecocks,VMI Keydets,147.0,11
2023-11-14,Central Arkansas Bears,Arkansas-Pine Bluff Golden Lions,151.7,8
2023-11-14,Middle Tennessee Blue Raiders,Western Carolina Catamounts,137.5,13
2023-11-14,Northwestern St Demons,Stephen F. Austin Lumberjacks,146.5,8
2023-11-14,Arizona Wildcats,Southern Jaguars,158.5,7
2023-11-14,Arkansas Razorbacks,Old Dominion Monarchs,144.6,11
2023-11-14,Houston Cougars,Stetson Hatters,138.9,7
2023-11-14,Kansas St Wildcats,South Dakota St Jackrabbits,154.2,12
2023-11-14,Missouri St Bears,Oral Roberts Golden Eagles,144.5,12
2023-11-14,Missouri Tigers,SIU-Edwardsville Cougars,149.0,12
2023-11-14,Nebraska Cornhuskers,Rider Broncs,149.4,14
2023-11-14,Purdue Boilermakers,Xavier Musketeers,151.5,12
2023-11-14,UTEP Miners,UC Santa Barbara Gauchos,143.2,12
2023-11-14,California Golden Bears,CSU Bakersfield Roadrunners,135.0,12
2023-11-14,Pepperdine Waves,LIU Sharks,159.5,8
2023-11-16,Vermont Catamounts,Charleston Cougars,145.7,14
2023-11-16,North Texas Mean Green,St. John's Red Storm,137.1,14
2023-11-16,Wyoming Cowboys,Saint Louis Billikens,150.0,14
2023-11-16,LSU Tigers,Dayton Flyers,133.8,14
2023-11-16,Northwestern St Demons,Maine Black Bears,144.4,9
2023-11-16,Coastal Carolina Chanticleers,Wichita St Shockers,144.5,14
2023-11-16,SIU-Edwardsville Cougars,Denver Pioneers,149.6,8
2023-11-16,Air Force Falcons,Lindenwood Lions,129.1,14
2023-11-16,Towson Tigers,Houston Cougars,127.5,14
2023-11-16,St. Bonaventure Bonnies,Oklahoma St Cowboys,135.7,14
2023-11-17,American Eagles,NJIT Highlanders,137.0,10
2023-11-17,Boston Univ. Terriers,Bryant Bulldogs,137.9,9
2023-11-17,UCF Knights,CSU Fullerton Titans,142.3,13
2023-11-17,Liberty Flames,Furman Paladins,145.2,13
2023-11-17,Indiana Hoosiers,Wright St Raiders,152.0,13
2023-11-17,North Florida Ospreys,Presbyterian Blue Hose,145.8,10
2023-11-17,Virginia Cavaliers,Texas Southern Tigers,130.2,8
2023-11-17,UL Monroe Warhawks,Louisiana Tech Bulldogs,138.2,14
2023-11-17,UAB Blazers,Alcorn St Braves,152.5,10
2023-11-17,Southern Illinois Salukis,Chicago St Cougars,131.1,10
2023-11-17,Tulsa Golden Hurricane,Jackson St Tigers,144.9,10
2023-11-17,South Alabama Jaguars,Nicholls St Colonels,140.1,8
2023-11-17,Texas Tech Red Raiders,Texas A&M-CC Islanders,139.3,10
2023-11-17,Arizona St Sun Devils,UMass Lowell River Hawks,139.7,9
2023-11-17,Notre Dame Fighting Irish,Auburn Tigers,145.3,14
2023-11-17,Minnesota Golden Gophers,Missouri Tigers,147.6,14
2023-11-17,New Mexico Lobos,UT-Arlington Mavericks,148.4,14
2023-11-17,Omaha Mavericks,William & Mary Tribe,146.1,12
2023-11-17,Wake Forest Demon Deacons,Utah Utes,150.9,13
2023-11-17,Montana Grizzlies,North Dakota St Bison,137.1,14
2023-11-17,California Golden Bears,Montana St Bobcats,142.0,14
2023-11-17,Hawai'i Rainbow Warriors,Niagara Purple Eagles,128.7,13
2023-11-19,Furman Paladins,Wyoming Cowboys,152.1,14
2023-11-19,Drake Bulldogs,Oakland Golden Grizzlies,142.0,14
2023-11-19,Georgia Bulldogs,Providence Friars,140.2,13
2023-11-19,IUPUI Jaguars,Holy Cross Crusaders,138.8,2
2023-11-19,Tenn-Martin Skyhawks,Prairie View Panthers,151.2,10
2023-11-19,Southern Miss Golden Eagles,Utah Valley Wolverines,138.0,14
2023-11-19,Towson Tigers,North Texas Mean Green,116.7,14
2023-11-19,Clemson Tigers,Boise State Broncos,138.2,13
2023-11-19,Central Connecticut St Blue Devils,Manhattan Jaspers,137.0,10
2023-11-19,Coastal Carolina Chanticleers,Charleston Cougars,156.5,14
2023-11-19,Colgate Raiders,Weber State Wildcats,139.5,3
2023-11-19,Miami (OH) RedHawks,Eastern Illinois Panthers,138.3,11
2023-11-19,Iowa State Cyclones,Grambling St Tigers,132.7,10
2023-11-19,Indiana Hoosiers,UConn Huskies,144.6,14
2023-11-19,UMBC Retrievers,Loyola (MD) Greyhounds,148.6,4
2023-11-19,Northwestern Wildcats,Mississippi St Bulldogs,129.5,9
2023-11-19,South Alabama Jaguars,SIU-Edwardsville Cougars,129.8,13
2023-11-19,William & Mary Tribe,Lindenwood Lions,146.7,13
2023-11-19,Stephen F. Austin Lumberjacks,Loyola Marymount Lions,149.8,13
2023-11-19,Quinnipiac Bobcats,Albany Great Danes,151.2,10
2023-11-19,Georgia St Panthers,Arkansas-Little Rock Trojans,153.4,10
2023-11-19,Chattanooga Mocs,Tennessee Tech Golden Eagles,148.5,14
2023-11-19,Cincinnati Bearcats,Northern Kentucky Norse,137.6,14
2023-11-19,Drexel Dragons,Queens University Royals,139.2,3
2023-11-19,East Carolina Pirates,Northeastern Huskies,142.2,13
2023-11-19,Cornell Big Red,CSU Fullerton Titans,151.1,14
2023-11-19,Winthrop Eagles,Elon Phoenix,154.5,4
2023-11-19,Miami Hurricanes,Kansas St Wildcats,157.2,13
2023-11-19,Wake Forest Demon Deacons,LSU Tigers,149.4,13
2023-11-19,Gardner-Webb Bulldogs,Yale Bulldogs,136.0,4
2023-11-19,Louisville Cardinals,Texas Longhorns,142.9,14
2023-11-19,Rhode Island Rams,Washington St Cougars,143.1,8
2023-11-19,Air Force Falcons,Omaha Mavericks,135.3,14
2023-11-19,Ohio State Buckeyes,Western Michigan Broncos,141.6,14
2023-11-19,Georgetown Hoyas,American Eagles,143.5,10
2023-11-19,San Francisco Dons,DePaul Blue Demons,142.7,14
2023-11-19,Kennesaw St Owls,Georgia Southern Eagles,145.2,10
2023-11-19,Utah State Aggies,Marshall Thundering Herd,154.1,14
2023-11-19,South Florida Bulls,Northern Iowa Panthers,144.1,14
2023-11-19,Virginia Tech Hokies,Wofford Terriers,147.8,13
2023-11-19,Charlotte 49ers,George Mason Patriots,125.4,13
2023-11-19,Liberty Flames,Vermont Catamounts,133.5,13
2023-11-19,Portland St Vikings,St. Thomas (MN) Tommies,137.8,10
2023-11-19,Utah Utes,St. John's Red Storm,150.9,13
2023-11-19,Abilene Christian Wildcats,Fordham Rams,140.6,14
2023-11-19,Michigan St Spartans,Alcorn St Braves,142.1,9
2023-11-19,Arizona Wildcats,UT-Arlington Mavericks,154.6,14
2023-11-19,Missouri Tigers,Jackson St Tigers,145.2,8
2023-11-20,South Carolina Gamecocks,Grand Canyon Antelopes,142.5,13
2023-11-20,Akron Zips,Florida Int'l Golden Panthers,145.4,14
2023-11-20,Xavier Musketeers,Saint Mary's Gaels,135.5,13
2023-11-20,USC Trojans,Brown Bears,143.7,14
2023-11-20,Cal Baptist Lancers,Cal Poly Mustangs,130.6,11
2023-11-20,Illinois Fighting Illini,Southern Jaguars,148.0,10
2023-11-20,Missouri St Bears,Kent State Golden Flashes,141.2,14
2023-11-20,Saint Louis Billikens,Wichita St Shockers,150.7,13
2023-11-20,UCF Knights,South Dakota St Jackrabbits,145.6,14
2023-11-20,Houston Cougars,Dayton Flyers,130.6,14
2023-11-20,UC Santa Barbara Gauchos,Le Moyne Dolphins,150.1,6
2023-11-20,Washington Huskies,San Diego St Aztecs,145.2,13
2023-11-22,Buffalo Bulls,Iona Gaels,150.0,9
2023-11-22,Murray St Racers,Appalachian St Mountaineers,146.2,11
2023-11-22,Northern Iowa Panthers,North Carolina Tar Heels,148.8,14
2023-11-22,Chicago St Cougars,Morgan St Bears,142.0,1
2023-11-22,Arkansas-Little Rock Trojans,Georgia St Panthers,158.0,14
2023-11-22,Texas State Bobcats,Southern Utah Thunderbirds,143.3,11
2023-11-22,Boston College Eagles,Colorado St Rams,147.3,12
2023-11-22,Louisiana Ragin' Cajuns,Long Beach St 49ers,149.5,5
2023-11-22,Massachusetts Minutemen,Central Connecticut St Blue Devils,149.6,8
2023-11-22,Colgate Raiders,Harvard Crimson,137.9,9
2023-11-22,Presbyterian Blue Hose,Tennessee Tech Golden Eagles,138.8,9
2023-11-22,Sam Houston St Bearkats,Grambling St Tigers,136.6,8
2023-11-22,Kansas Jayhawks,Tennessee Volunteers,141.6,5
2023-11-22,Texas Tech Red Raiders,Villanova Wildcats,130.6,14
2023-11-22,Austin Peay Governors,Sacramento St Hornets,131.7,12
2023-11-22,Tenn-Martin Skyhawks,North Alabama Lions,152.6,8
2023-11-22,Temple Owls,Ole Miss Rebels,137.1,14
2023-11-22,Creighton Bluejays,Loyola (Chi) Ramblers,144.9,12
2023-11-22,Louisiana Tech Bulldogs,McNeese Cowboys,144.8,8
2023-11-22,Old Dominion Monarchs,Princeton Tigers,134.2,12
2023-11-22,American Eagles,Mt. St. Mary's Mountaineers,137.1,8
2023-11-22,Air Force Falcons,VMI Keydets,137.8,12
2023-11-22,Tarleton State Texans,CSU Bakersfield Roadrunners,135.8,14
2023-11-22,Campbell Fighting Camels,The Citadel Bulldogs,128.9,10
2023-11-22,Wright St Raiders,Illinois St Redbirds,150.3,9
2023-11-22,Marquette Golden Eagles,Purdue Boilermakers,143.8,5
2023-11-22,Memphis Tigers,Michigan Wolverines,156.9,14
2023-11-22,Merrimack Warriors,North Carolina A&T Aggies,136.6,8
2023-11-22,Southern Illinois Salukis,New Mexico St Aggies,138.3,5
2023-11-22,Northern Kentucky Norse,Texas A&M-CC Islanders,142.0,8
2023-11-22,West Virginia Mountaineers,Virginia Cavaliers,118.7,11
2023-11-23,Oregon St Beavers,Baylor Bears,143.2,14
2023-11-23,St. Bonaventure Bonnies,Bucknell Bison,134.5,8
2023-11-23,Cincinnati Bearcats,Georgia Tech Yellow Jackets,149.5,14
2023-11-23,Cleveland St Vikings,East Tennessee St Buccaneers,141.5,13
2023-11-23,Queens University Royals,Fairleigh Dickinson Knights,155.8,8
2023-11-23,Pepperdine Waves,Indiana St Sycamores,157.6,9
2023-11-23,South Florida Bulls,Maine Black Bears,136.0,8
2023-11-23,Notre Dame Fighting Irish,Maryland-Eastern Shore Hawks,133.6,8
2023-11-23,Missouri Tigers,South Carolina St Bulldogs,155.6,8
2023-11-23,Samford Bulldogs,Alabama St Hornets,150.0,8
2023-11-23,Stanford Cardinal,Arkansas Razorbacks,155.6,14
2023-11-23,Hofstra Pride,High Point Panthers,154.0,6
2023-11-23,UT-Arlington Mavericks,Alcorn St Braves,147.9,7
2023-11-23,Kansas St Wildcats,Central Arkansas Bears,153.3,8
2023-11-23,Nebraska Cornhuskers,Duquesne Dukes,147.9,13
2023-11-23,Seattle Redhawks,Idaho Vandals,139.5,13
2023-11-23,Incarnate Word Cardinals,Jacksonville St Gamecocks,141.5,8
2023-11-23,Southern Miss Golden Eagles,South Dakota St Jackrabbits,143.9,13
2023-11-23,Fresno St Bulldogs,James Madison Dukes,151.1,5
2023-11-23,Wisconsin Badgers,SMU Mustangs,142.8,14
2023-11-23,San Francisco Dons,Fort Wayne Mastodons,148.5,13
2023-11-23,Montana St Bobcats,UC Riverside Highlanders,129.2,10
2023-11-23,Pittsburgh Panthers,Florida Gators,155.8,14
2023-11-23,UTEP Miners,Bradley Braves,136.9,14
2023-11-23,Toledo Rockets,UC Irvine Anteaters,150.7,11
2023-11-23,Gonzaga Bulldogs,UCLA Bruins,139.6,6
2023-11-23,California Golden Bears,Tulane Green Wave,155.5,13
2023-11-25,Georgetown Hoyas,Jackson St Tigers,150.2,10
2023-11-25,Missouri Tigers,Loyola (MD) Greyhounds,138.7,10
2023-11-25,Merrimack Warriors,Alabama St Hornets,139.3,6
2023-11-25,Columbia Lions,Maine Black Bears,139.3,10
2023-11-25,Liberty Flames,Maryland-Eastern Shore Hawks,139.4,9
2023-11-25,Wagner Seahawks,NJIT Highlanders,128.5,9
2023-11-25,North Dakota Fighting Hawks,New Orleans Privateers,156.1,9
2023-11-25,Binghamton Bearcats,Army Knights,129.9,9
2023-11-25,Western Kentucky Hilltoppers,Canisius Golden Griffins,146.8,8
2023-11-25,SIU-Edwardsville Cougars,Detroit Mercy Titans,137.9,12
2023-11-25,George Mason Patriots,East Carolina Pirates,138.7,13
2023-11-25,SE Missouri St Redhawks,Evansville Purple Aces,141.5,9
2023-11-25,Monmouth Hawks,Lafayette Leopards,137.6,6
2023-11-25,St. Bonaventure Bonnies,Miami (OH) RedHawks,138.9,14
2023-11-25,Missouri St Bears,South Carolina St Bulldogs,147.7,9
2023-11-25,Princeton Tigers,Northeastern Huskies,137.4,13
2023-11-25,William & Mary Tribe,UMBC Retrievers,158.0,8
2023-11-25,Milwaukee Panthers,Southern Miss Golden Eagles,145.1,14
2023-11-25,Arkansas-Little Rock Trojans,Tulsa Golden Hurricane,158.1,14
2023-11-25,Chicago St Cougars,Tenn-Martin Skyhawks,149.8,9
2023-11-25,Green Bay Phoenix,St. Thomas (MN) Tommies,126.8,12
2023-11-25,Longwood Lancers,Lamar Cardinals,144.4,6
2023-11-25,Samford Bulldogs,North Carolina A&T Aggies,158.7,10
2023-11-25,UT-Arlington Mavericks,Texas State Bobcats,133.9,14
2023-11-25,Central Arkansas Bears,Eastern Michigan Eagles,144.3,9
2023-11-25,Marist Red Foxes,Bucknell Bison,131.1,9
2023-11-25,Fairleigh Dickinson Knights,Jacksonville Dolphins,151.2,6
2023-11-25,Mt. St. Mary's Mountaineers,Howard Bison,146.6,10
2023-11-25,UTSA Roadrunners,Incarnate Word Cardinals,156.9,5
2023-11-25,Northern Kentucky Norse,LIU Sharks,146.1,6
2023-11-25,St. Francis (PA) Red Flash,Niagara Purple Eagles,135.4,10
2023-11-25,Valparaiso Beacons,Southern Jaguars,145.5,9
2023-11-25,Pennsylvania Quakers,Belmont Bruins,156.2,11
2023-11-25,Florida Gulf Coast Eagles,UNC Wilmington Seahawks,138.5,9
2023-11-25,UNC Asheville Bulldogs,Wofford Terriers,155.9,6
2023-11-25,Bethune-Cookman Wildcats,Delaware St Hornets,143.2,6
2023-11-25,UAB Blazers,Furman Paladins,155.5,13
2023-11-26,Cleveland St Vikings,Alabama A&M Bulldogs,145.2,6
2023-11-26,Bowling Green Falcons,Lipscomb Bisons,155.2,6
2023-11-26,San Diego St Aztecs,California Golden Bears,143.5,13
2023-11-26,Charlotte 49ers,Georgia St Panthers,131.5,13
2023-11-26,Drake Bulldogs,Texas Southern Tigers,136.1,9
2023-11-26,St. John's Red Storm,Holy Cross Crusaders,154.3,8
2023-11-26,Loyola Marymount Lions,UTEP Miners,143.1,13
2023-11-26,Maryland Terrapins,South Alabama Jaguars,132.2,14
2023-11-26,Wichita St Shockers,Norfolk St Spartans,142.8,8
2023-11-26,Richmond Spiders,Queens University Royals,142.5,7
2023-11-26,Bradley Braves,Vermont Catamounts,128.9,9
2023-11-26,Saint Louis Billikens,Dartmouth Big Green,148.3,13
2023-11-26,Grand Canyon Antelopes,North Dakota St Bison,142.3,13
2023-11-26,DePaul Blue Demons,Northern Illinois Huskies,152.6,13
2023-11-28,Michigan St Spartans,Georgia Southern Eagles,138.2,14
2023-11-29,The Citadel Bulldogs,Charleston Southern Buccaneers,133.2,10
2023-11-29,Howard Bison,Cincinnati Bearcats,149.2,10
2023-11-29,Furman Paladins,South Carolina St Bulldogs,166.5,10
2023-11-29,Georgia Tech Yellow Jackets,Mississippi St Bulldogs,139.7,14
2023-11-29,Indiana St Sycamores,Southern Illinois Salukis,144.1,14
2023-11-29,Syracuse Orange,LSU Tigers,151.0,14
2023-11-29,Maryland Terrapins,Rider Broncs,129.8,14
2023-11-29,Norfolk St Spartans,William & Mary Tribe,142.3,9
2023-11-29,South Carolina Gamecocks,Notre Dame Fighting Irish,132.5,14
2023-11-29,Providence Friars,Wagner Seahawks,125.0,10
2023-11-29,Tennessee Tech Golden Eagles,Western Carolina Catamounts,142.0,13
2023-11-29,Arkansas-Little Rock Trojans,Ball State Cardinals,154.3,14
2023-11-29,Kentucky Wildcats,Miami Hurricanes,164.1,14
2023-11-29,Pittsburgh Panthers,Missouri Tigers,146.2,14
2023-11-29,UL Monroe Warhawks,Northwestern St Demons,142.5,10
2023-11-29,Baylor Bears,Nicholls St Colonels,154.0,10
2023-11-29,Loyola (Chi) Ramblers,Chicago St Cougars,142.0,9
2023-11-29,Kansas Jayhawks,Eastern Illinois Panthers,139.4,14
2023-11-29,Kansas St Wildcats,Oral Roberts Golden Eagles,155.6,14
2023-11-29,UAB Blazers,McNeese Cowboys,142.2,10
2023-11-29,Saint Louis Billikens,Utah State Aggies,146.5,14
2023-11-29,Arkansas St Red Wolves,Jackson St Tigers,152.8,10
2023-11-29,Purdue Boilermakers,Texas Southern Tigers,137.4,10
2023-11-29,Gonzaga Bulldogs,CSU Bakersfield Roadrunners,139.7,14
2023-11-29,Marquette Golden Eagles,Southern Jaguars,148.3,10
2023-11-29,Ole Miss Rebels,NC State Wolfpack,146.4,14
2023-11-29,Alabama Crimson Tide,Clemson Tigers,159.4,14
2023-11-29,UNLV Rebels,Akron Zips,139.9,14
2023-11-29,Pepperdine Waves,Idaho State Bengals,140.6,14
2023-11-29,Portland St Vikings,Portland Pilots,152.0,14
2023-11-29,Washington Huskies,UC San Diego Tritons,149.9,14
2023-12-01,Western Michigan Broncos,St. Thomas (MN) Tommies,134.1,12
2023-12-01,Liberty Flames,Charleston Cougars,146.8,6
2023-12-01,Xavier Musketeers,Houston Cougars,138.6,14
2023-12-02,Bethune-Cookman Wildcats,Incarnate Word Cardinals,148.4,9
2023-12-02,Brown Bears,Bryant Bulldogs,147.1,10
2023-12-02,Canisius Golden Griffins,Quinnipiac Bobcats,150.8,14
2023-12-02,Fairfield Stags,Iona Gaels,147.2,14
2023-12-02,South Carolina Gamecocks,George Washington Colonials,149.7,14
2023-12-02,Georgia Bulldogs,Mercer Bears,138.9,14
2023-12-02,Indiana Hoosiers,Maryland Terrapins,137.5,13
2023-12-02,Manhattan Jaspers,Mt. St. Mary's Mountaineers,135.4,14
2023-12-02,Niagara Purple Eagles,Saint Peter's Peacocks,124.0,14
2023-12-02,VCU Rams,Norfolk St Spartans,135.8,9
2023-12-02,Siena Saints,Rider Broncs,132.5,14
2023-12-02,West Virginia Mountaineers,St. John's Red Storm,147.5,14
2023-12-02,Arkansas-Little Rock Trojans,Arkansas St Red Wolves,160.3,14
2023-12-02,LSU Tigers,SE Louisiana Lions,146.2,10
2023-12-02,South Dakota St Jackrabbits,Towson Tigers,131.7,14
2023-12-02,UAB Blazers,Southern Miss Golden Eagles,143.0,14
2023-12-02,DePaul Blue Demons,Iowa State Cyclones,139.0,14
2023-12-02,Troy Trojans,SIU-Edwardsville Cougars,143.1,13
2023-12-02,BYU Cougars,Fresno St Bulldogs,143.2,13
2023-12-02,CSU Fullerton Titans,North Dakota Fighting Hawks,141.5,14
2023-12-02,Kansas Jayhawks,UConn Huskies,148.5,14
2023-12-02,Northwestern Wildcats,Purdue Boilermakers,136.6,14
2023-12-02,Portland Pilots,Wyoming Cowboys,149.9,14
2023-12-02,UC San Diego Tritons,San Diego St Aztecs,142.7,14
2023-12-02,Boise State Broncos,Saint Mary's Gaels,130.2,14
2023-12-04,East Carolina Pirates,Maryland-Eastern Shore Hawks,146.0,10
2023-12-05,Purdue Boilermakers,Iowa Hawkeyes,163.8,13
2023-12-05,Alabama Crimson Tide,Arkansas St Red Wolves,163.5,13
2023-12-05,Arkansas Razorbacks,Furman Paladins,158.8,13
2023-12-05,North Dakota St Bison,San José St Spartans,137.7,13
2023-12-05,Oregon St Beavers,Cal Poly Mustangs,133.5,13
2023-12-08,UNC Greensboro Spartans,Eastern Kentucky Colonels,145.7,12
2023-12-08,Central Arkansas Bears,Arkansas-Little Rock Trojans,158.7,12
2023-12-08,Iowa State Cyclones,Iowa Hawkeyes,155.2,13
2023-12-08,Eastern Illinois Panthers,IUPUI Jaguars,130.8,13
2023-12-08,North Dakota St Bison,Portland Pilots,149.3,13
2023-12-10,Fordham Rams,North Texas Mean Green,128.2,12
2023-12-10,Providence Friars,Brown Bears,139.2,13
2023-12-10,Arkansas-Little Rock Trojans,Winthrop Eagles,158.2,10
2023-12-10,Wagner Seahawks,Boston Univ. Terriers,124.4,9
2023-12-10,Iowa State Cyclones,Prairie View Panthers,142.1,10
2023-12-10,Saint Joseph's Hawks,Princeton Tigers,138.3,13
2023-12-10,VCU Rams,Alcorn St Braves,142.7,9
2023-12-10,Ball State Cardinals,SIU-Edwardsville Cougars,135.2,12
2023-12-10,Charleston Cougars,Rhode Island Rams,148.3,13
2023-12-10,Miami Hurricanes,Colorado Buffaloes,153.6,13
2023-12-10,Northwestern Wildcats,Detroit Mercy Titans,133.3,13
2023-12-10,Eastern Illinois Panthers,Central Arkansas Bears,138.3,10
2023-12-10,Chicago St Cougars,St. Thomas (MN) Tommies,132.0,9
2023-12-10,North Alabama Lions,Morehead St Eagles,140.8,10
2023-12-10,East Tennessee St Buccaneers,Tennessee Tech Golden Eagles,138.2,13
2023-12-10,UNC Greensboro Spartans,Elon Phoenix,148.3,13
2023-12-10,USC Trojans,Long Beach St 49ers,156.7,13
2023-12-10,Texas A&M Aggies,Memphis Tigers,150.0,13
2023-12-10,UCF Knights,Ole Miss Rebels,138.4,13
2023-12-10,Boston College Eagles,St. John's Red Storm,151.0,12
2023-12-10,Iowa Hawkeyes,Michigan Wolverines,159.6,13
2023-12-10,Iona Gaels,St. Francis (PA) Red Flash,138.8,10
2023-12-10,Lipscomb Bisons,Tennessee St Tigers,151.4,10
2023-12-10,Nebraska Cornhuskers,Michigan St Spartans,141.5,13
2023-12-10,Oklahoma St Cowboys,Tulsa Golden Hurricane,143.0,13
2023-12-11,Temple Owls,Albany Great Danes,152.5,10
2023-12-11,Washington St Cougars,Grambling St Tigers,137.9,10
2023-12-13,Rice Owls,Incarnate Word Cardinals,157.7,10
2023-12-13,Stony Brook Seawolves,Norfolk St Spartans,139.7,9
2023-12-14,Queens University Royals,Appalachian St Mountaineers,150.7,9
2023-12-14,Dartmouth Big Green,Boston Univ. Terriers,130.2,9
2023-12-14,Charleston Southern Buccaneers,North Alabama Lions,142.3,10
2023-12-14,Florida Atlantic Owls,Florida Int'l Golden Panthers,153.8,12
2023-12-14,Toledo Rockets,Marshall Thundering Herd,162.2,12
2023-12-14,Arkansas-Little Rock Trojans,UTSA Roadrunners,163.5,12
2023-12-14,Mississippi St Bulldogs,Murray St Racers,136.5,12
2023-12-14,Alabama A&M Bulldogs,UAB Blazers,152.1,10
2023-12-14,LSU Tigers,Alabama St Hornets,144.7,10
2023-12-14,Louisville Cardinals,Arkansas St Red Wolves,147.8,12
2023-12-14,Northwestern Wildcats,Chicago St Cougars,132.7,10
2023-12-14,Liberty Flames,Tennessee St Tigers,138.7,11
2023-12-14,Milwaukee Panthers,Longwood Lancers,146.1,9
2023-12-14,McNeese Cowboys,Southern Miss Golden Eagles,140.5,10
2023-12-14,Louisiana Ragin' Cajuns,Eastern Kentucky Colonels,149.5,9
2023-12-14,Auburn Tigers,UNC Asheville Bulldogs,148.2,10
2023-12-14,BYU Cougars,Denver Pioneers,157.9,12
2023-12-14,UNLV Rebels,Creighton Bluejays,152.1,12
2023-12-14,Nevada Wolf Pack,Weber State Wildcats,133.4,12
2023-12-14,San Francisco Dons,Seattle Redhawks,135.4,12
2023-12-14,Santa Clara Broncos,Utah State Aggies,151.9,12
2023-12-16,Penn State Nittany Lions,Georgia Tech Yellow Jackets,146.8,12
2023-12-16,IUPUI Jaguars,Lindenwood Lions,140.9,12
2023-12-16,Texas Longhorns,LSU Tigers,142.3,12
2023-12-16,Miami Hurricanes,La Salle Explorers,153.3,12
2023-12-16,Indiana Hoosiers,Kansas Jayhawks,146.5,12
2023-12-16,Rutgers Scarlet Knights,LIU Sharks,137.3,9
2023-12-16,Niagara Purple Eagles,NJIT Highlanders,141.0,9
2023-12-16,Providence Friars,Sacred Heart Pioneers,141.9,9
2023-12-16,Indiana St Sycamores,Ball State Cardinals,153.2,11
2023-12-16,Drexel Dragons,Albany Great Danes,138.1,9
2023-12-16,Michigan St Spartans,Baylor Bears,144.4,12
2023-12-16,Bowling Green Falcons,UMKC Kangaroos,137.7,12
2023-12-16,Bryant Bulldogs,Towson Tigers,132.8,7
2023-12-16,Le Moyne Dolphins,Dartmouth Big Green,137.9,7
2023-12-16,Mercer Bears,Florida Gulf Coast Eagles,134.2,9
2023-12-16,Hampton Pirates,James Madison Dukes,162.8,10
2023-12-16,Hofstra Pride,Norfolk St Spartans,139.7,8
2023-12-16,Presbyterian Blue Hose,Kennesaw St Owls,157.2,9
2023-12-16,Monmouth Hawks,Rider Broncs,143.0,12
2023-12-16,Pittsburgh Panthers,South Carolina St Bulldogs,154.0,9
2023-12-16,Washington St Cougars,Santa Clara Broncos,147.5,11
2023-12-16,Tulane Green Wave,Southern Jaguars,160.5,9
2023-12-16,VCU Rams,Temple Owls,137.3,11
2023-12-16,UIC Flames,Western Michigan Broncos,135.6,12
2023-12-16,Notre Dame Fighting Irish,Georgetown Hoyas,138.7,12
2023-12-16,Michigan Wolverines,Eastern Michigan Eagles,145.9,11
2023-12-16,Houston Cougars,Texas A&M Aggies,130.6,11
2023-12-16,Western Kentucky Hilltoppers,Austin Peay Governors,143.4,9
2023-12-16,Samford Bulldogs,Belmont Bruins,168.0,12
2023-12-16,Memphis Tigers,Clemson Tigers,151.0,12
2023-12-16,Georgia Southern Eagles,UNC Wilmington Seahawks,143.1,12
2023-12-16,Tulsa Golden Hurricane,Missouri St Bears,142.0,12
2023-12-16,Northwestern St Demons,Rice Owls,153.3,9
2023-12-16,Ohio State Buckeyes,UCLA Bruins,133.5,11
2023-12-16,Bucknell Bison,Radford Highlanders,134.5,8
2023-12-16,St. John's Red Storm,Fordham Rams,148.2,10
2023-12-16,Gardner-Webb Bulldogs,Appalachian St Mountaineers,137.7,9
2023-12-16,Bellarmine Knights,Evansville Purple Aces,140.5,9
2023-12-16,Valparaiso Beacons,Chicago St Cougars,136.0,9
2023-12-16,St. Bonaventure Bonnies,Florida Atlantic Owls,148.0,12
2023-12-16,South Florida Bulls,Loyola (Chi) Ramblers,143.5,12
2023-12-16,Murray St Racers,SE Louisiana Lions,146.1,9
2023-12-16,Tennessee Tech Golden Eagles,North Alabama Lions,146.1,9
2023-12-16,Northern Arizona Lumberjacks,Southern Utah Thunderbirds,149.6,12
2023-12-16,Utah State Aggies,San Francisco Dons,139.7,12
2023-12-16,Utah Utes,Utah Valley Wolverines,142.7,12
2023-12-16,Virginia Tech Hokies,Vermont Catamounts,138.4,8
2023-12-16,Purdue Boilermakers,Arizona Wildcats,159.6,12
2023-12-16,Delaware Blue Hens,Rhode Island Rams,145.3,12
2023-12-16,Iowa Hawkeyes,Florida A&M Rattlers,152.3,9
2023-12-16,Loyola Marymount Lions,UC Santa Barbara Gauchos,146.9,12
2023-12-16,South Carolina Upstate Spartans,Western Carolina Catamounts,145.5,9
2023-12-16,UT-Arlington Mavericks,Air Force Falcons,131.0,12
2023-12-16,UMass Lowell River Hawks,Central Connecticut St Blue Devils,145.8,8
2023-12-16,Pacific Tigers,UC Davis Aggies,142.9,12
2023-12-16,DePaul Blue Demons,Northwestern Wildcats,141.7,12
2023-12-16,Georgia Bulldogs,High Point Panthers,150.6,9
2023-12-16,Kentucky Wildcats,North Carolina Tar Heels,164.4,12
2023-12-16,Arkansas Razorbacks,Lipscomb Bisons,153.5,9
2023-12-16,South Carolina Gamecocks,Charleston Southern Buccaneers,133.6,9
2023-12-16,George Mason Patriots,Loyola (MD) Greyhounds,135.2,8
2023-12-16,Virginia Cavaliers,Northeastern Huskies,127.2,10
2023-12-16,Massachusetts Minutemen,West Virginia Mountaineers,146.1,10
2023-12-17,Fort Wayne Mastodons,Bethune-Cookman Wildcats,154.6,9
2023-12-17,Richmond Spiders,Charlotte 49ers,133.7,11
2023-12-17,Cincinnati Bearcats,Dayton Flyers,139.8,11
2023-12-17,Iona Gaels,Saint Joseph's Hawks,140.5,11
2023-12-17,Marshall Thundering Herd,UNC Greensboro Spartans,154.6,12
2023-12-17,Saint Mary's Gaels,UNLV Rebels,131.4,12
2023-12-17,Wichita St Shockers,Southern Illinois Salukis,141.7,12
2023-12-17,Ole Miss Rebels,California Golden Bears,139.2,11
2023-12-17,Texas Tech Red Raiders,Vanderbilt Commodores,140.5,12
2023-12-17,Xavier Musketeers,Winthrop Eagles,154.3,9
2023-12-17,Alabama A&M Bulldogs,Chattanooga Mocs,150.2,9
2023-12-17,Creighton Bluejays,Alabama Crimson Tide,165.9,12
2023-12-17,UC Riverside Highlanders,Cal Baptist Lancers,132.1,12
2023-12-17,Florida St Seminoles,SMU Mustangs,147.0,11
2023-12-17,Saint Louis Billikens,Louisiana Tech Bulldogs,141.5,12
2023-12-17,TCU Horned Frogs,Arizona St Sun Devils,152.0,11
2023-12-17,BYU Cougars,Georgia St Panthers,149.5,11
2023-12-17,Oklahoma Sooners,Green Bay Phoenix,135.4,12
2023-12-17,Utah Tech Trailblazers,North Dakota Fighting Hawks,140.8,10
2023-12-17,UC Irvine Anteaters,South Dakota Coyotes,145.2,11
2023-12-17,Wyoming Cowboys,Weber State Wildcats,133.9,11
2023-12-17,Grand Canyon Antelopes,Portland Pilots,154.4,10
2023-12-17,North Carolina A&T Aggies,Texas Southern Tigers,145.1,9
2023-12-17,Tennessee Volunteers,NC State Wolfpack,149.2,10
2023-12-17,Jackson St Tigers,Howard Bison,150.1,9
2023-12-19,Bowling Green Falcons,Hampton Pirates,151.6,11
2023-12-19,Valparaiso Beacons,Samford Bulldogs,155.0,12
2023-12-19,Binghamton Bearcats,Niagara Purple Eagles,145.2,10
2023-12-19,Georgia Southern Eagles,Florida Gulf Coast Eagles,141.6,10
2023-12-19,Notre Dame Fighting Irish,The Citadel Bulldogs,130.1,12
2023-12-19,Butler Bulldogs,Georgetown Hoyas,149.2,12
2023-12-19,Indiana Hoosiers,Morehead St Eagles,141.7,12
2023-12-20,Alabama St Hornets,USC Trojans,149.3,10
2023-12-20,Albany Great Danes,Sacred Heart Pioneers,152.9,10
2023-12-20,Central Connecticut St Blue Devils,Northeastern Huskies,139.6,9
2023-12-20,Chattanooga Mocs,Gardner-Webb Bulldogs,143.9,10
2023-12-20,Cincinnati Bearcats,Merrimack Warriors,140.8,9
2023-12-20,James Madison Dukes,Coppin St Eagles,147.9,9
2023-12-20,Siena Saints,Cornell Big Red,148.7,11
2023-12-20,Michigan Wolverines,Florida Gators,156.8,12
2023-12-20,Florida Int'l Golden Panthers,Stetson Hatters,147.7,10
2023-12-20,Furman Paladins,Presbyterian Blue Hose,156.8,10
2023-12-20,High Point Panthers,UNC Greensboro Spartans,148.6,10
2023-12-20,Indiana St Sycamores,Tennessee St Tigers,157.3,11
2023-12-20,Memphis Tigers,Virginia Cavaliers,130.6,11
2023-12-20,Mercer Bears,Queens University Royals,148.6,9
2023-12-20,Wright St Raiders,Miami (OH) RedHawks,157.2,12
2023-12-20,Ole Miss Rebels,Troy Trojans,146.5,12
2023-12-20,South Carolina Gamecocks,Winthrop Eagles,142.9,10
2023-12-20,Vanderbilt Commodores,Western Carolina Catamounts,143.3,12
2023-12-20,Stephen F. Austin Lumberjacks,New Mexico St Aggies,143.8,12
2023-12-20,Drake Bulldogs,Alcorn St Braves,152.2,10
2023-12-20,Loyola (Chi) Ramblers,Charleston Southern Buccaneers,136.2,10
2023-12-20,Florida St Seminoles,North Florida Ospreys,151.2,10
2023-12-20,SMU Mustangs,Houston Baptist Huskies,151.3,10
2023-12-20,Missouri St Bears,Lindenwood Lions,142.0,12
2023-12-20,Tulsa Golden Hurricane,Miss Valley St Delta Devils,134.3,10
2023-12-20,Southern Illinois Salukis,North Dakota St Bison,136.5,12
2023-12-20,Providence Friars,Marquette Golden Eagles,145.4,12
2023-12-20,Maryland Terrapins,Nicholls St Colonels,138.3,10
2023-12-20,UC Davis Aggies,Montana Grizzlies,144.1,12
2023-12-20,Montana St Bobcats,Southern Utah Thunderbirds,144.4,12
2023-12-20,CSU Bakersfield Roadrunners,South Dakota Coyotes,141.6,12
2023-12-20,UCLA Bruins,CSU Northridge Matadors,137.3,12
2023-12-20,Cal Baptist Lancers,Western Kentucky Hilltoppers,144.5,12
2023-12-20,Saint Mary's Gaels,Middle Tennessee Blue Raiders,119.9,12
2023-12-22,Bryant Bulldogs,Drexel Dragons,133.6,9
2023-12-22,Boston Univ. Terriers,UMass Lowell River Hawks,138.6,8
2023-12-22,Morgan St Bears,James Madison Dukes,160.2,8
2023-12-22,Miami (OH) RedHawks,Vermont Catamounts,139.3,9
2023-12-22,South Florida Bulls,Albany Great Danes,151.0,9
2023-12-22,Brown Bears,Siena Saints,133.5,12
2023-12-22,Milwaukee Panthers,Chattanooga Mocs,151.9,12
2023-12-22,Robert Morris Colonials,Cornell Big Red,161.2,12
2023-12-22,Tulane Green Wave,George Mason Patriots,157.1,11
2023-12-22,UAB Blazers,Drake Bulldogs,149.6,12
2023-12-22,Georgia Bulldogs,North Florida Ospreys,149.7,8
2023-12-22,Texas Longhorns,Texas A&M-CC Islanders,149.0,9
2023-12-22,CSU Northridge Matadors,Montana St Bobcats,143.5,12
2023-12-22,Florida Gators,Grambling St Tigers,146.9,9
2023-12-22,Towson Tigers,Nicholls St Colonels,132.2,9
2023-12-22,TCU Horned Frogs,Nevada Wolf Pack,148.8,6
2023-12-22,Clemson Tigers,Queens University Royals,154.3,9
2023-12-22,South Carolina Gamecocks,Elon Phoenix,146.8,12
2023-12-22,Murray St Racers,SMU Mustangs,139.7,12
2023-12-23,Baylor Bears,Miss Valley St Delta Devils,139.1,9
2023-12-23,St. Bonaventure Bonnies,Binghamton Bearcats,142.6,9
2023-12-23,Merrimack Warriors,Bucknell Bison,127.4,8
2023-12-23,High Point Panthers,Canisius Golden Griffins,151.6,9
2023-12-23,Cincinnati Bearcats,Stetson Hatters,149.4,9
2023-12-23,Florida St Seminoles,Winthrop Eagles,149.6,9
2023-12-23,Marquette Golden Eagles,Georgetown Hoyas,150.7,12
2023-12-23,VCU Rams,Maryland-Eastern Shore Hawks,135.3,8
2023-12-23,Southern Illinois Salukis,Southern Indiana Screaming Eagles,134.5,11
2023-12-23,Old Dominion Monarchs,Temple Owls,147.5,5
2023-12-23,Auburn Tigers,Alabama St Hornets,148.8,9
2023-12-23,Austin Peay Governors,Ohio Bobcats,137.6,9
2023-12-23,Wisconsin Badgers,Chicago St Cougars,132.7,9
2023-12-23,San Francisco Dons,Fresno St Bulldogs,131.7,12
2023-12-23,Texas A&M Aggies,Houston Baptist Huskies,151.8,9
2023-12-23,Kansas Jayhawks,Yale Bulldogs,142.4,12
2023-12-23,Rice Owls,Louisiana Ragin' Cajuns,147.8,10
2023-12-23,Notre Dame Fighting Irish,Marist Red Foxes,125.5,12
2023-12-23,Tulsa Golden Hurricane,New Mexico St Aggies,146.1,12
2023-12-23,Southern Utah Thunderbirds,Middle Tennessee Blue Raiders,139.6,12
2023-12-23,BYU Cougars,Bellarmine Knights,141.9,9
2023-12-23,Utah State Aggies,East Tennessee St Buccaneers,142.5,12
2023-12-23,Missouri Tigers,Illinois Fighting Illini,150.2,12
2023-12-23,UCLA Bruins,Maryland Terrapins,129.1,12
2023-12-23,Loyola Marymount Lions,Colorado St Rams,147.4,12
2023-12-23,Hawai'i Rainbow Warriors,Georgia Tech Yellow Jackets,138.5,6
2023-12-23,Portland Pilots,Massachusetts Minutemen,161.5,5
2023-12-25,Georgia Tech Yellow Jackets,Nevada Wolf Pack,137.5,1
2023-12-29,LIU Sharks,Albany Great Danes,152.9,10
2023-12-29,Oklahoma Sooners,Central Arkansas Bears,146.9,10
2023-12-29,Cleveland St Vikings,Oakland Golden Grizzlies,146.4,12
2023-12-29,Maryland Terrapins,Coppin St Eagles,128.4,10
2023-12-29,UTSA Roadrunners,Prairie View Panthers,149.2,10
2023-12-29,Texas Tech Red Raiders,Sam Houston St Bearkats,141.1,12
2023-12-29,Tennessee Tech Golden Eagles,Arkansas-Little Rock Trojans,153.4,12
2023-12-29,Tennessee St Tigers,Tenn-Martin Skyhawks,160.5,12
2023-12-29,Eastern Washington Eagles,Portland St Vikings,150.0,12
2023-12-29,Idaho State Bengals,Montana St Bobcats,135.2,12
2023-12-29,Idaho Vandals,Sacramento St Hornets,139.3,12
2023-12-29,Weber State Wildcats,Montana Grizzlies,132.9,12
2023-12-29,Oregon Ducks,USC Trojans,148.3,11
2023-12-29,UC Davis Aggies,UC Santa Barbara Gauchos,145.9,12
2023-12-29,UC San Diego Tritons,CSU Bakersfield Roadrunners,133.2,12
2023-12-29,CSU Fullerton Titans,Long Beach St 49ers,144.8,12
2023-12-29,Cal Poly Mustangs,CSU Northridge Matadors,140.4,12
2023-12-29,Oregon St Beavers,UCLA Bruins,127.9,12
2023-12-29,UC Irvine Anteaters,UC Riverside Highlanders,138.6,12
2023-12-31,Green Bay Phoenix,Robert Morris Colonials,137.2,12
2023-12-31,Iowa State Cyclones,New Hampshire Wildcats,149.9,9
2023-12-31,IUPUI Jaguars,Cleveland St Vikings,144.5,12
2023-12-31,Colorado Buffaloes,Washington St Cougars,142.2,12
2023-12-31,Fort Wayne Mastodons,Detroit Mercy Titans,144.8,12
2023-12-31,Youngstown St Penguins,Oakland Golden Grizzlies,150.2,12
2023-12-31,Mississippi St Bulldogs,Bethune-Cookman Wildcats,140.6,9
2023-12-31,Milwaukee Panthers,Wright St Raiders,165.8,12
2023-12-31,Oklahoma Sooners,Monmouth Hawks,144.6,11
2023-12-31,South Dakota St Jackrabbits,North Dakota Fighting Hawks,146.6,12
2023-12-31,Oklahoma St Cowboys,South Carolina St Bulldogs,146.2,9
2023-12-31,South Dakota Coyotes,Omaha Mavericks,155.2,12
2023-12-31,St. Thomas (MN) Tommies,UMKC Kangaroos,132.2,11
2023-12-31,Lindenwood Lions,Southern Indiana Screaming Eagles,139.6,12
2023-12-31,Stanford Cardinal,Arizona Wildcats,161.6,12
2023-12-31,Ole Miss Rebels,Bryant Bulldogs,150.3,9
2023-12-31,SE Missouri St Redhawks,Morehead St Eagles,144.7,12
2023-12-31,NJIT Highlanders,Morgan St Bears,153.4,8
2023-12-31,SIU-Edwardsville Cougars,Western Illinois Leathernecks,134.0,11
2023-12-31,Denver Pioneers,Oral Roberts Golden Eagles,158.4,12
2023-12-31,Utah Utes,Washington Huskies,153.1,12
2024-01-01,California Golden Bears,Arizona St Sun Devils,149.0,12
2024-01-03,Howard Bison,Yale Bulldogs,145.1,8
2024-01-03,UNC Asheville Bulldogs,South Carolina Upstate Spartans,142.4,8
2024-01-03,La Salle Explorers,George Mason Patriots,139.2,12
2024-01-03,Winthrop Eagles,Longwood Lancers,141.8,8
2024-01-03,Providence Friars,Seton Hall Pirates,138.3,11
2024-01-04,American Eagles,Lehigh Mountain Hawks,145.1,8
2024-01-04,Lafayette Leopards,Army Knights,124.1,8
2024-01-04,Navy Midshipmen,Boston Univ. Terriers,129.2,8
2024-01-04,Bucknell Bison,Holy Cross Crusaders,134.6,8
2024-01-04,Charleston Southern Buccaneers,Presbyterian Blue Hose,141.4,8
2024-01-04,Oklahoma St Cowboys,Chicago St Cougars,134.2,6
2024-01-04,Colgate Raiders,Loyola (MD) Greyhounds,134.1,8
2024-01-04,Davidson Wildcats,Dayton Flyers,136.8,12
2024-01-04,Massachusetts Minutemen,Duquesne Dukes,155.0,11
2024-01-04,East Tennessee St Buccaneers,Mercer Bears,135.6,12
2024-01-04,Indiana St Sycamores,Evansville Purple Aces,159.1,12
2024-01-04,Florida St Seminoles,Georgia Tech Yellow Jackets,143.7,12
2024-01-04,George Washington Colonials,Fordham Rams,149.3,12
2024-01-04,UNC Greensboro Spartans,Furman Paladins,151.4,12
2024-01-04,Radford Highlanders,High Point Panthers,146.2,8
2024-01-04,Virginia Cavaliers,Louisville Cardinals,128.7,12
2024-01-04,Saint Louis Billikens,Loyola (Chi) Ramblers,144.8,12
2024-01-04,Ohio State Buckeyes,Rutgers Scarlet Knights,134.0,11
2024-01-04,Rhode Island Rams,Saint Joseph's Hawks,145.5,12
2024-01-04,The Citadel Bulldogs,Western Carolina Catamounts,138.6,12
2024-01-04,Wofford Terriers,VMI Keydets,151.3,12
2024-01-04,Samford Bulldogs,Chattanooga Mocs,160.5,12
2024-01-04,UL Monroe Warhawks,Marshall Thundering Herd,147.2,12
2024-01-04,Valparaiso Beacons,Bradley Braves,135.6,12
2024-01-04,Miami Hurricanes,Clemson Tigers,155.3,12
2024-01-04,South Dakota Coyotes,Eastern Washington Eagles,154.2,12
2024-01-04,North Dakota St Bison,Montana Grizzlies,142.7,12
2024-01-04,North Dakota Fighting Hawks,N Colorado Bears,150.6,12
2024-01-04,Omaha Mavericks,Northern Arizona Lumberjacks,145.3,12
2024-01-04,Villanova Wildcats,Xavier Musketeers,140.7,12
2024-01-04,Idaho Vandals,St. Thomas (MN) Tommies,131.6,11
2024-01-04,Nebraska Cornhuskers,Indiana Hoosiers,150.9,12
2024-01-04,Missouri St Bears,Northern Iowa Panthers,143.6,12
2024-01-04,Notre Dame Fighting Irish,NC State Wolfpack,137.2,12
2024-01-04,Tulane Green Wave,Rice Owls,162.8,12
2024-01-04,Sacramento St Hornets,UMKC Kangaroos,137.2,12
2024-01-04,Weber State Wildcats,South Dakota St Jackrabbits,141.6,12
2024-01-04,VCU Rams,St. Bonaventure Bonnies,134.1,12
2024-01-04,UCLA Bruins,Stanford Cardinal,138.9,12
2024-01-04,Denver Pioneers,Idaho State Bengals,151.9,12
2024-01-04,Montana St Bobcats,Oral Roberts Golden Eagles,142.8,12
2024-01-04,USC Trojans,California Golden Bears,151.6,12
2024-01-04,San Diego St Aztecs,Fresno St Bulldogs,137.2,12
2024-01-06,Clemson Tigers,North Carolina Tar Heels,158.8,13
2024-01-06,Georgetown Hoyas,DePaul Blue Demons,144.3,13
2024-01-06,Fordham Rams,La Salle Explorers,145.2,13
2024-01-06,North Carolina Central Eagles,Howard Bison,148.8,10
2024-01-06,Iowa Hawkeyes,Rutgers Scarlet Knights,152.1,11
2024-01-06,Louisville Cardinals,Pittsburgh Panthers,144.9,13
2024-01-06,Seton Hall Pirates,Marquette Golden Eagles,144.1,11
2024-01-06,South Carolina Gamecocks,Mississippi St Bulldogs,134.5,13
2024-01-06,New Hampshire Wildcats,UMass Lowell River Hawks,152.4,9
2024-01-06,Florida Gators,Kentucky Wildcats,167.8,13
2024-01-06,Army Knights,Holy Cross Crusaders,127.7,9
2024-01-06,Boston Univ. Terriers,Lafayette Leopards,126.4,9
2024-01-06,UMBC Retrievers,Bryant Bulldogs,170.1,10
2024-01-06,Navy Midshipmen,Colgate Raiders,134.1,10
2024-01-06,Detroit Mercy Titans,Milwaukee Panthers,151.2,13
2024-01-06,Fort Wayne Mastodons,Wright St Raiders,162.7,13
2024-01-06,Missouri Tigers,Georgia Bulldogs,147.6,13
2024-01-06,VMI Keydets,Mercer Bears,140.7,13
2024-01-06,The Citadel Bulldogs,Samford Bulldogs,152.5,13
2024-01-06,Wagner Seahawks,St. Francis (PA) Red Flash,128.5,9
2024-01-06,Villanova Wildcats,St. John's Red Storm,143.5,13
2024-01-06,NJIT Highlanders,Albany Great Danes,150.6,8
2024-01-06,Bucknell Bison,American Eagles,131.9,10
2024-01-06,Arkansas Razorbacks,Auburn Tigers,157.3,13
2024-01-06,Ball State Cardinals,Central Michigan Chippewas,140.2,13
2024-01-06,Buffalo Bulls,Western Michigan Broncos,148.3,13
2024-01-06,Hampton Pirates,Campbell Fighting Camels,140.5,13
2024-01-06,Creighton Bluejays,Providence Friars,140.0,13
2024-01-06,Pennsylvania Quakers,Dartmouth Big Green,133.9,13
2024-01-06,Hofstra Pride,Delaware Blue Hens,143.6,13
2024-01-06,William & Mary Tribe,Drexel Dragons,139.3,13
2024-01-06,Evansville Purple Aces,Murray St Racers,148.2,13
2024-01-06,Fairleigh Dickinson Knights,Le Moyne Dolphins,158.8,6
2024-01-06,High Point Panthers,Gardner-Webb Bulldogs,150.2,10
2024-01-06,George Mason Patriots,Saint Louis Billikens,143.0,13
2024-01-06,Princeton Tigers,Harvard Crimson,143.9,10
2024-01-06,Houston Cougars,West Virginia Mountaineers,134.7,13
2024-01-06,Stetson Hatters,Jacksonville Dolphins,148.0,10
2024-01-06,Kansas Jayhawks,TCU Horned Frogs,152.2,13
2024-01-06,Stonehill Skyhawks,LIU Sharks,143.7,9
2024-01-06,Vermont Catamounts,Maine Black Bears,133.5,10
2024-01-06,Texas A&M-Commerce Lions,McNeese Cowboys,136.7,10
2024-01-06,NC State Wolfpack,Virginia Cavaliers,127.6,13
2024-01-06,North Texas Mean Green,Tulane Green Wave,142.8,13
2024-01-06,Ohio Bobcats,Northern Illinois Huskies,155.0,13
2024-01-06,Presbyterian Blue Hose,UNC Asheville Bulldogs,144.3,10
2024-01-06,Towson Tigers,UNC Wilmington Seahawks,133.2,13
2024-01-06,Wake Forest Demon Deacons,Miami Hurricanes,159.6,13
2024-01-06,Wisconsin Badgers,Nebraska Cornhuskers,143.7,13
2024-01-06,Arkansas St Red Wolves,Old Dominion Monarchs,150.3,13
2024-01-06,Oklahoma St Cowboys,Baylor Bears,147.7,13
2024-01-06,Longwood Lancers,Charleston Southern Buccaneers,134.0,10
2024-01-06,UL Monroe Warhawks,Georgia Southern Eagles,139.8,13
2024-01-06,Oakland Golden Grizzlies,Green Bay Phoenix,140.3,13
2024-01-06,Southern Miss Golden Eagles,James Madison Dukes,156.7,13
2024-01-06,Merrimack Warriors,Sacred Heart Pioneers,135.1,9
2024-01-06,Morehead St Eagles,Tennessee St Tigers,143.9,13
2024-01-06,Northern Arizona Lumberjacks,North Dakota Fighting Hawks,141.2,13
2024-01-06,Rice Owls,UTSA Roadrunners,153.9,13
2024-01-06,Stephen F. Austin Lumberjacks,UT-Arlington Mavericks,145.3,13
2024-01-06,Vanderbilt Commodores,Alabama Crimson Tide,157.8,13
2024-01-06,Jackson St Tigers,Alcorn St Braves,151.5,10
2024-01-06,Eastern Michigan Eagles,Kent State Golden Flashes,145.5,13
2024-01-06,Arkansas-Little Rock Trojans,Eastern Illinois Panthers,146.4,13
2024-01-06,Bellarmine Knights,Lipscomb Bisons,147.4,9
2024-01-06,Bethune-Cookman Wildcats,Florida A&M Rattlers,139.4,10
2024-01-06,Georgia Tech Yellow Jackets,Boston College Eagles,146.3,12
2024-01-06,Bradley Braves,Missouri St Bears,138.6,13
2024-01-06,Charlotte 49ers,Florida Atlantic Owls,137.9,12
2024-01-06,Delaware St Hornets,Coppin St Eagles,133.1,10
2024-01-06,Loyola (Chi) Ramblers,Duquesne Dukes,142.3,13
2024-01-06,UNC Greensboro Spartans,East Tennessee St Buccaneers,140.7,11
2024-01-06,Florida St Seminoles,Virginia Tech Hokies,144.1,12
2024-01-06,VCU Rams,George Washington Colonials,152.2,10
2024-01-06,South Alabama Jaguars,Georgia St Panthers,145.5,12
2024-01-06,Maryland-Eastern Shore Hawks,Morgan St Bears,144.7,9
2024-01-06,South Carolina St Bulldogs,Norfolk St Spartans,147.1,9
2024-01-06,Richmond Spiders,St. Bonaventure Bonnies,140.2,12
2024-01-06,San Diego St Aztecs,UNLV Rebels,140.1,13
2024-01-06,South Carolina Upstate Spartans,Winthrop Eagles,139.7,9
2024-01-06,Utah Valley Wolverines,Southern Utah Thunderbirds,147.8,12
2024-01-06,USC Trojans,Stanford Cardinal,153.4,12
2024-01-06,UC Irvine Anteaters,UC Davis Aggies,140.7,11
2024-01-06,Western Carolina Catamounts,Wofford Terriers,150.5,11
2024-01-06,Troy Trojans,Appalachian St Mountaineers,144.5,11
2024-01-06,Houston Baptist Huskies,Nicholls St Colonels,150.2,9
2024-01-06,Western Illinois Leathernecks,Lindenwood Lions,136.6,11
2024-01-06,Eastern Washington Eagles,North Dakota St Bison,150.0,11
2024-01-06,Jacksonville St Gamecocks,Florida Int'l Golden Panthers,138.0,11
2024-01-06,Grambling St Tigers,Prairie View Panthers,136.2,9
2024-01-06,Kennesaw St Owls,Queens University Royals,172.7,9
2024-01-06,Loyola (MD) Greyhounds,Lehigh Mountain Hawks,138.3,9
2024-01-06,Texas State Bobcats,Marshall Thundering Herd,141.3,11
2024-01-06,New Orleans Privateers,SE Louisiana Lions,142.3,9
2024-01-06,South Dakota St Jackrabbits,Montana St Bobcats,144.5,11
2024-01-06,Sam Houston St Bearkats,Louisiana Tech Bulldogs,136.4,11
2024-01-06,Abilene Christian Wildcats,UT Rio Grande Valley Vaqueros,155.9,11
2024-01-06,Seattle Redhawks,Cal Baptist Lancers,135.5,11
2024-01-06,Notre Dame Fighting Irish,Duke Blue Devils,133.5,11
2024-01-06,Incarnate Word Cardinals,Texas A&M-CC Islanders,149.4,8
2024-01-06,Oklahoma Sooners,Iowa State Cyclones,142.7,11
2024-01-06,Kansas St Wildcats,UCF Knights,139.1,11
2024-01-06,Western Kentucky Hilltoppers,Liberty Flames,144.3,11
2024-01-06,Tennessee Volunteers,Ole Miss Rebels,141.4,11
2024-01-06,Washington Huskies,Oregon St Beavers,145.5,11
2024-01-06,Arkansas-Pine Bluff Golden Lions,Alabama A&M Bulldogs,167.3,9
2024-01-06,Stony Brook Seawolves,Charleston Cougars,152.8,11
2024-01-06,Southern Jaguars,Texas Southern Tigers,143.4,9
2024-01-07,Miss Valley St Delta Devils,Alabama St Hornets,131.2,9
2024-01-07,Eastern Kentucky Colonels,Austin Peay Governors,142.5,9
2024-01-07,Chattanooga Mocs,Furman Paladins,156.0,11
2024-01-07,Elon Phoenix,North Carolina A&T Aggies,158.1,10
2024-01-07,Florida Gulf Coast Eagles,North Florida Ospreys,141.6,9
2024-01-07,Fresno St Bulldogs,Nevada Wolf Pack,138.3,11
2024-01-07,Illinois St Redbirds,Southern Illinois Salukis,133.0,11
2024-01-07,Lamar Cardinals,Northwestern St Demons,155.1,9
2024-01-07,Long Beach St 49ers,UC Riverside Highlanders,154.7,11
2024-01-07,Arizona St Sun Devils,Colorado Buffaloes,145.4,11
2024-01-07,Arizona Wildcats,Utah Utes,164.1,11
2024-01-07,CSU Northridge Matadors,Hawai'i Rainbow Warriors,146.4,11
2024-01-07,Louisiana Ragin' Cajuns,Coastal Carolina Chanticleers,149.0,9
2024-01-07,N Colorado Bears,Denver Pioneers,167.0,11
2024-01-07,Idaho State Bengals,Omaha Mavericks,138.2,11
2024-01-07,Indiana Hoosiers,Ohio State Buckeyes,148.3,11
2024-01-07,Oral Roberts Golden Eagles,Weber State Wildcats,143.9,11
2024-01-07,Portland Pilots,Pacific Tigers,149.0,11
2024-01-07,UMKC Kangaroos,Portland St Vikings,138.6,11
2024-01-07,St. Thomas (MN) Tommies,Sacramento St Hornets,132.2,10
2024-01-07,Texas Longhorns,Texas Tech Red Raiders,141.0,11
2024-01-07,UIC Flames,Valparaiso Beacons,136.0,11
2024-01-07,North Alabama Lions,Central Arkansas Bears,151.4,9
2024-01-07,Texas A&M Aggies,LSU Tigers,146.3,11
2024-01-07,Southern Indiana Screaming Eagles,Tennessee Tech Golden Eagles,139.7,11
2024-01-07,CSU Fullerton Titans,UC San Diego Tritons,133.6,11
2024-01-07,Utah State Aggies,Colorado St Rams,151.0,11
2024-01-07,Gonzaga Bulldogs,San Diego Toreros,155.8,11
2024-01-07,Utah Tech Trailblazers,Grand Canyon Antelopes,148.2,11
2024-01-07,Loyola Marymount Lions,Saint Mary's Gaels,129.6,10
2024-01-07,Montana Grizzlies,South Dakota Coyotes,152.8,11
2024-01-07,BYU Cougars,Cincinnati Bearcats,151.6,11
2024-01-07,Cal Poly Mustangs,UC Santa Barbara Gauchos,140.5,11
2024-01-07,UCLA Bruins,California Golden Bears,136.0,11
2024-01-07,New Mexico Lobos,Wyoming Cowboys,154.7,11
2024-01-07,Washington St Cougars,Oregon Ducks,139.5,11
2024-01-07,Pepperdine Waves,Santa Clara Broncos,149.6,11
2024-01-09,Cornell Big Red,Columbia Lions,163.5,13
2024-01-09,Georgetown Hoyas,Seton Hall Pirates,141.4,11
2024-01-10,Ball State Cardinals,Akron Zips,138.1,12
2024-01-10,Alabama Crimson Tide,South Carolina Gamecocks,153.8,13
2024-01-10,Bowling Green Falcons,Ohio Bobcats,150.8,13
2024-01-10,Brown Bears,Yale Bulldogs,136.5,13
2024-01-10,Buffalo Bulls,Miami (OH) RedHawks,146.8,13
2024-01-10,Eastern Michigan Eagles,Central Michigan Chippewas,141.3,13
2024-01-10,Cincinnati Bearcats,Texas Longhorns,145.9,13
2024-01-10,Davidson Wildcats,Rhode Island Rams,142.0,13
2024-01-10,Florida St Seminoles,Wake Forest Demon Deacons,150.7,13
2024-01-10,George Mason Patriots,VCU Rams,140.8,13
2024-01-10,Iowa State Cyclones,Houston Cougars,131.4,13
2024-01-10,Rutgers Scarlet Knights,Indiana Hoosiers,140.1,11
2024-01-10,West Virginia Mountaineers,Kansas St Wildcats,141.9,13
2024-01-10,Kent State Golden Flashes,Toledo Rockets,153.1,12
2024-01-10,Kentucky Wildcats,Missouri Tigers,160.7,13
2024-01-10,Western Michigan Broncos,Northern Illinois Huskies,152.4,13
2024-01-10,Nicholls St Colonels,SE Louisiana Lions,138.3,9
2024-01-10,Loyola (Chi) Ramblers,Richmond Spiders,139.1,13
2024-01-10,Texas Tech Red Raiders,Oklahoma St Cowboys,137.6,13
2024-01-10,Auburn Tigers,Texas A&M Aggies,149.5,13
2024-01-10,Baylor Bears,BYU Cougars,154.2,13
2024-01-10,Boise State Broncos,Colorado St Rams,146.2,13
2024-01-10,DePaul Blue Demons,Creighton Bluejays,141.9,12
2024-01-10,Pittsburgh Panthers,Duke Blue Devils,146.9,13
2024-01-10,Georgia Tech Yellow Jackets,Notre Dame Fighting Irish,133.3,13
2024-01-10,LSU Tigers,Vanderbilt Commodores,145.6,13
2024-01-10,Nebraska Cornhuskers,Purdue Boilermakers,150.5,13
2024-01-10,Utah State Aggies,Wyoming Cowboys,148.4,12
2024-01-10,Nevada Wolf Pack,Air Force Falcons,132.7,12
2024-01-10,UNLV Rebels,New Mexico Lobos,150.9,13
2024-01-10,San José St Spartans,San Diego St Aztecs,139.5,13
2024-01-12,Milwaukee Panthers,Cleveland St Vikings,158.3,13
2024-01-12,Indiana Hoosiers,Minnesota Golden Gophers,146.4,13
2024-01-13,Akron Zips,Buffalo Bulls,142.7,13
2024-01-13,Canisius Golden Griffins,Siena Saints,140.9,13
2024-01-13,Duquesne Dukes,Dayton Flyers,138.9,13
2024-01-13,Niagara Purple Eagles,Fairfield Stags,146.6,13
2024-01-13,Kennesaw St Owls,Florida Gulf Coast Eagles,151.7,10
2024-01-13,Robert Morris Colonials,Fort Wayne Mastodons,153.0,13
2024-01-13,North Florida Ospreys,Jacksonville Dolphins,144.5,10
2024-01-13,Rider Broncs,Manhattan Jaspers,143.0,11
2024-01-13,Marist Red Foxes,Quinnipiac Bobcats,139.4,13
2024-01-13,Queens University Royals,Stetson Hatters,158.1,10
2024-01-13,South Florida Bulls,Rice Owls,146.1,13
2024-01-13,Villanova Wildcats,DePaul Blue Demons,136.0,13
2024-01-13,Youngstown St Penguins,Wright St Raiders,165.0,13
2024-01-13,Iowa Hawkeyes,Nebraska Cornhuskers,165.7,13
2024-01-13,Nevada Wolf Pack,Boise State Broncos,140.1,13
2024-01-15,Canisius Golden Griffins,Fairfield Stags,146.0,13
2024-01-15,Michigan Wolverines,Ohio State Buckeyes,146.9,13
2024-01-15,Niagara Purple Eagles,Siena Saints,141.2,12
2024-01-15,Wagner Seahawks,Stonehill Skyhawks,131.2,10
2024-01-15,Harvard Crimson,Brown Bears,140.1,12
2024-01-15,Cornell Big Red,Pennsylvania Quakers,159.5,13
2024-01-15,Princeton Tigers,Dartmouth Big Green,134.7,11
2024-01-15,George Washington Colonials,George Mason Patriots,144.4,12
2024-01-15,Marquette Golden Eagles,Villanova Wildcats,142.8,13
2024-01-15,Texas Southern Tigers,Miss Valley St Delta Devils,126.5,11
2024-01-15,Central Connecticut St Blue Devils,Merrimack Warriors,129.2,10
2024-01-15,Saint Joseph's Hawks,La Salle Explorers,149.1,13
2024-01-15,Prairie View Panthers,Arkansas-Pine Bluff Golden Lions,157.0,11
2024-01-15,Minnesota Golden Gophers,Iowa Hawkeyes,158.6,13
2024-01-16,Loyola (MD) Greyhounds,American Eagles,136.2,11
2024-01-16,Boston College Eagles,Notre Dame Fighting Irish,135.7,12
2024-01-16,Stetson Hatters,Chicago St Cougars,138.5,11
2024-01-16,Yale Bulldogs,Columbia Lions,145.5,13
2024-01-16,St. Francis (PA) Red Flash,Fairleigh Dickinson Knights,149.1,9
2024-01-16,Le Moyne Dolphins,Sacred Heart Pioneers,144.9,9
2024-01-16,SE Louisiana Lions,Texas A&M-CC Islanders,134.7,11
2024-01-16,Alabama St Hornets,Alabama A&M Bulldogs,139.4,11
2024-01-16,Bethune-Cookman Wildcats,Southern Jaguars,147.3,11
2024-01-16,Northwestern St Demons,Houston Baptist Huskies,152.5,11
2024-01-16,Nicholls St Colonels,New Orleans Privateers,149.4,10
2024-01-16,Florida A&M Rattlers,Grambling St Tigers,132.5,11
2024-01-16,McNeese Cowboys,Lamar Cardinals,148.0,11
2024-01-16,Hampton Pirates,North Carolina A&T Aggies,151.8,13
2024-01-18,Binghamton Bearcats,Vermont Catamounts,142.5,8
2024-01-18,Michigan St Spartans,Minnesota Golden Gophers,142.2,13
2024-01-19,Albany Great Danes,UMass Lowell River Hawks,154.8,9
2024-01-19,William & Mary Tribe,Campbell Fighting Camels,134.5,13
2024-01-19,Charleston Cougars,Towson Tigers,140.4,13
2024-01-19,Georgia Southern Eagles,Coastal Carolina Chanticleers,150.5,13
2024-01-19,Delaware Blue Hens,Stony Brook Seawolves,143.4,13
2024-01-19,Drexel Dragons,Monmouth Hawks,135.1,10
2024-01-19,Elon Phoenix,UNC Wilmington Seahawks,150.0,13
2024-01-19,Florida Atlantic Owls,Wichita St Shockers,152.8,13
2024-01-19,Liberty Flames,Florida Int'l Golden Panthers,139.5,11
2024-01-19,Wright St Raiders,Green Bay Phoenix,150.3,13
2024-01-19,Hofstra Pride,Hampton Pirates,148.0,13
2024-01-19,Jacksonville Dolphins,Queens University Royals,154.7,10
2024-01-19,North Florida Ospreys,Kennesaw St Owls,161.6,9
2024-01-19,UMBC Retrievers,Maine Black Bears,152.6,10
2024-01-19,Old Dominion Monarchs,Marshall Thundering Herd,156.5,13
2024-01-19,Memphis Tigers,South Florida Bulls,157.3,13
2024-01-19,Northern Kentucky Norse,Milwaukee Panthers,154.2,13
2024-01-19,NJIT Highlanders,New Hampshire Wildcats,150.9,7
2024-01-19,North Carolina A&T Aggies,Northeastern Huskies,147.3,12
2024-01-19,Winthrop Eagles,UNC Asheville Bulldogs,147.2,10
2024-01-19,Morehead St Eagles,Tenn-Martin Skyhawks,150.2,13
2024-01-19,Stephen F. Austin Lumberjacks,Seattle Redhawks,138.8,13
2024-01-19,Tarleton State Texans,Abilene Christian Wildcats,140.0,13
2024-01-19,Austin Peay Governors,North Alabama Lions,139.5,10
2024-01-19,Lipscomb Bisons,Central Arkansas Bears,154.2,10
2024-01-19,North Dakota St Bison,Denver Pioneers,159.2,13
2024-01-19,James Madison Dukes,UL Monroe Warhawks,145.0,13
2024-01-19,N Colorado Bears,Sacramento St Hornets,148.5,13
2024-01-19,North Dakota Fighting Hawks,Oral Roberts Golden Eagles,150.8,13
2024-01-19,Northern Arizona Lumberjacks,Portland St Vikings,141.7,13
2024-01-19,South Dakota St Jackrabbits,Omaha Mavericks,149.2,13
2024-01-19,South Alabama Jaguars,Troy Trojans,150.0,13
2024-01-19,South Dakota Coyotes,St. Thomas (MN) Tommies,142.6,12
2024-01-19,UT-Arlington Mavericks,UT Rio Grande Valley Vaqueros,157.3,13
2024-01-19,Southern Indiana Screaming Eagles,Arkansas-Little Rock Trojans,150.1,13
2024-01-19,Michigan Wolverines,Illinois Fighting Illini,153.3,13
2024-01-19,Lindenwood Lions,SIU-Edwardsville Cougars,138.8,12
2024-01-19,Southern Utah Thunderbirds,Utah Tech Trailblazers,154.7,13
2024-01-19,Tennessee St Tigers,Tennessee Tech Golden Eagles,142.7,13
2024-01-19,California Golden Bears,Washington Huskies,154.7,13
2024-01-19,Weber State Wildcats,Eastern Washington Eagles,146.1,13
2024-01-19,Grand Canyon Antelopes,Utah Valley Wolverines,139.5,13
2024-01-19,Idaho State Bengals,Idaho Vandals,133.4,13
2024-01-19,UTEP Miners,Middle Tennessee Blue Raiders,127.4,13
2024-01-19,New Mexico St Aggies,Western Kentucky Hilltoppers,146.7,13
2024-01-19,Utah Utes,Oregon St Beavers,143.8,13
2024-01-19,CSU Bakersfield Roadrunners,UC Riverside Highlanders,135.0,12
2024-01-19,CSU Fullerton Titans,UC Davis Aggies,133.6,13
2024-01-19,CSU Northridge Matadors,UC Santa Barbara Gauchos,154.8,13
2024-01-19,Pepperdine Waves,Gonzaga Bulldogs,156.7,13
2024-01-19,Long Beach St 49ers,Hawai'i Rainbow Warriors,147.8,13
2024-01-19,Pacific Tigers,Santa Clara Broncos,147.6,13
2024-01-19,UC Irvine Anteaters,UC San Diego Tritons,139.5,13
2024-01-19,Colorado Buffaloes,Oregon Ducks,148.4,13
2024-01-19,Portland Pilots,San Diego Toreros,156.1,12
2024-01-19,San Francisco Dons,Loyola Marymount Lions,139.2,13
2024-01-19,Stanford Cardinal,Washington St Cougars,144.4,13
2024-01-21,Maryland Terrapins,Michigan St Spartans,135.4,13
2024-01-21,Illinois Fighting Illini,Rutgers Scarlet Knights,145.6,10
2024-01-21,Tulane Green Wave,Memphis Tigers,168.8,13
2024-01-21,Saint Peter's Peacocks,Canisius Golden Griffins,132.8,10
2024-01-21,Manhattan Jaspers,Fairfield Stags,148.2,13
2024-01-21,Quinnipiac Bobcats,Iona Gaels,147.4,13
2024-01-21,Le Moyne Dolphins,St. Francis (PA) Red Flash,140.4,8
2024-01-21,Marist Red Foxes,Siena Saints,132.4,13
2024-01-21,Merrimack Warriors,Stonehill Skyhawks,132.8,9
2024-01-21,Mt. St. Mary's Mountaineers,Niagara Purple Eagles,145.2,13
2024-01-21,Sacred Heart Pioneers,Wagner Seahawks,133.9,10
2024-01-21,South Florida Bulls,Wichita St Shockers,150.6,13
2024-01-21,East Tennessee St Buccaneers,Chattanooga Mocs,144.0,13
2024-01-21,UTSA Roadrunners,Florida Atlantic Owls,160.7,13
2024-01-21,Utah Utes,Oregon Ducks,151.6,13
2024-01-21,Murray St Racers,Indiana St Sycamores,155.4,13
2024-01-22,LIU Sharks,Central Connecticut St Blue Devils,146.0,10
2024-01-24,VMI Keydets,East Tennessee St Buccaneers,153.9,13
2024-01-24,Georgia Bulldogs,LSU Tigers,155.8,13
2024-01-24,Seton Hall Pirates,Providence Friars,137.2,10
2024-01-24,UNC Asheville Bulldogs,Radford Highlanders,143.0,10
2024-01-25,American Eagles,Holy Cross Crusaders,140.4,9
2024-01-25,Boston Univ. Terriers,Army Knights,122.5,9
2024-01-25,Bradley Braves,Murray St Racers,140.0,13
2024-01-25,Bucknell Bison,Navy Midshipmen,135.2,10
2024-01-25,Queens University Royals,Central Arkansas Bears,163.3,10
2024-01-25,Charleston Southern Buccaneers,Winthrop Eagles,144.3,10
2024-01-25,Wofford Terriers,Chattanooga Mocs,150.5,13
2024-01-25,Coastal Carolina Chanticleers,Southern Miss Golden Eagles,148.7,13
2024-01-25,Saint Louis Billikens,Davidson Wildcats,147.5,13
2024-01-25,Rhode Island Rams,Fordham Rams,149.7,13
2024-01-25,Furman Paladins,Samford Bulldogs,168.8,13
2024-01-25,Longwood Lancers,Gardner-Webb Bulldogs,142.0,10
2024-01-25,Richmond Spiders,George Washington Colonials,147.4,12
2024-01-25,Marshall Thundering Herd,Georgia St Panthers,156.8,13
2024-01-25,South Carolina Upstate Spartans,High Point Panthers,152.5,10
2024-01-25,Iowa Hawkeyes,Maryland Terrapins,151.6,13
2024-01-25,Old Dominion Monarchs,James Madison Dukes,155.0,13
2024-01-25,Kennesaw St Owls,North Alabama Lions,161.1,10
2024-01-25,Loyola (MD) Greyhounds,Lafayette Leopards,129.1,10
2024-01-25,The Citadel Bulldogs,Mercer Bears,134.5,13
2024-01-25,Notre Dame Fighting Irish,Miami Hurricanes,139.7,13
2024-01-25,Virginia Cavaliers,NC State Wolfpack,130.8,13
2024-01-25,Temple Owls,South Florida Bulls,145.1,13
2024-01-25,Troy Trojans,Texas State Bobcats,138.1,13
2024-01-25,Western Carolina Catamounts,UNC Greensboro Spartans,136.3,13
2024-01-25,Alabama Crimson Tide,Auburn Tigers,162.1,13
2024-01-25,Wichita St Shockers,East Carolina Pirates,145.7,13
2024-01-25,Middle Tennessee Blue Raiders,Jacksonville St Gamecocks,121.9,13
2024-01-25,Missouri St Bears,Drake Bulldogs,141.4,13
2024-01-25,Rice Owls,Florida Atlantic Owls,153.0,13
2024-01-25,UIC Flames,Indiana St Sycamores,151.0,13
2024-01-25,Southern Illinois Salukis,Valparaiso Beacons,135.0,13
2024-01-25,UTSA Roadrunners,Tulane Green Wave,169.5,13
2024-01-25,Florida Gators,Mississippi St Bulldogs,154.3,13
2024-01-25,St. John's Red Storm,Villanova Wildcats,145.6,13
2024-01-25,Ole Miss Rebels,Arkansas Razorbacks,154.3,13
2024-01-25,DePaul Blue Demons,Marquette Golden Eagles,147.3,13
2024-01-25,Northwestern Wildcats,Illinois Fighting Illini,146.8,13
2024-01-25,Iowa State Cyclones,Kansas St Wildcats,134.5,13
2024-01-25,Washington St Cougars,Utah Utes,145.5,13
2024-01-25,Nevada Wolf Pack,Colorado St Rams,144.4,13
2024-01-25,Washington Huskies,Colorado Buffaloes,156.4,13
2024-01-25,San José St Spartans,New Mexico Lobos,156.3,13
2024-01-27,New Hampshire Wildcats,Albany Great Danes,159.2,10
2024-01-27,Notre Dame Fighting Irish,Boston College Eagles,133.3,12
2024-01-27,Florida Gators,Georgia Bulldogs,160.3,13
2024-01-27,Holy Cross Crusaders,Lehigh Mountain Hawks,145.7,9
2024-01-27,Houston Cougars,Kansas St Wildcats,128.8,13
2024-01-27,Louisville Cardinals,Virginia Cavaliers,129.3,13
2024-01-27,Maryland Terrapins,Nebraska Cornhuskers,141.4,13
2024-01-27,Northeastern Huskies,William & Mary Tribe,139.5,12
2024-01-27,Duquesne Dukes,Fordham Rams,144.5,13
2024-01-27,Providence Friars,Georgetown Hoyas,142.2,13
2024-01-27,Miami (OH) RedHawks,Akron Zips,142.5,13
2024-01-27,Army Knights,Bucknell Bison,130.1,10
2024-01-27,Central Connecticut St Blue Devils,Wagner Seahawks,129.7,10
2024-01-27,Western Michigan Broncos,Central Michigan Chippewas,145.5,13
2024-01-27,Green Bay Phoenix,Detroit Mercy Titans,137.9,13
2024-01-27,Navy Midshipmen,Loyola (MD) Greyhounds,130.5,10
2024-01-27,Marquette Golden Eagles,Seton Hall Pirates,145.7,10
2024-01-27,South Carolina Gamecocks,Missouri Tigers,135.9,13
2024-01-27,Iowa State Cyclones,Kansas Jayhawks,142.2,13
2024-01-27,BYU Cougars,Texas Longhorns,150.6,12
2024-01-27,Ball State Cardinals,Northern Illinois Huskies,150.3,13
2024-01-27,Maine Black Bears,Binghamton Bearcats,138.5,10
2024-01-27,Lafayette Leopards,Boston Univ. Terriers,127.8,9
2024-01-27,Toledo Rockets,Bowling Green Falcons,157.4,13
2024-01-27,Dartmouth Big Green,Brown Bears,133.3,12
2024-01-27,Campbell Fighting Camels,Charleston Cougars,150.3,13
2024-01-27,Chattanooga Mocs,The Citadel Bulldogs,140.9,13
2024-01-27,Coastal Carolina Chanticleers,Georgia St Panthers,154.6,13
2024-01-27,Columbia Lions,Pennsylvania Quakers,145.9,13
2024-01-27,Cornell Big Red,Princeton Tigers,158.9,10
2024-01-27,Delaware Blue Hens,Towson Tigers,133.3,13
2024-01-27,Drexel Dragons,North Carolina A&T Aggies,142.2,13
2024-01-27,Hampton Pirates,Elon Phoenix,158.0,12
2024-01-27,Evansville Purple Aces,Illinois St Redbirds,139.4,13
2024-01-27,Fairleigh Dickinson Knights,Sacred Heart Pioneers,156.3,7
2024-01-27,Florida St Seminoles,North Carolina Tar Heels,153.1,13
2024-01-27,Harvard Crimson,Yale Bulldogs,141.8,12
2024-01-27,Monmouth Hawks,Hofstra Pride,145.2,9
2024-01-27,Le Moyne Dolphins,LIU Sharks,147.1,8
2024-01-27,Stetson Hatters,Lipscomb Bisons,155.4,10
2024-01-27,Murray St Racers,Southern Illinois Salukis,135.6,13
2024-01-27,Texas A&M-Commerce Lions,Nicholls St Colonels,139.3,10
2024-01-27,Oklahoma Sooners,Texas Tech Red Raiders,140.3,13
2024-01-27,Oklahoma St Cowboys,West Virginia Mountaineers,143.5,13
2024-01-27,Miami Hurricanes,Pittsburgh Panthers,150.1,12
2024-01-27,Texas Southern Tigers,Alabama A&M Bulldogs,138.8,10
2024-01-27,Butler Bulldogs,Villanova Wildcats,141.3,13
2024-01-27,Stephen F. Austin Lumberjacks,Cal Baptist Lancers,134.7,13
2024-01-27,UT-Arlington Mavericks,Grand Canyon Antelopes,149.5,13
2024-01-27,Illinois Fighting Illini,Indiana Hoosiers,154.5,13
2024-01-27,Louisiana Tech Bulldogs,New Mexico St Aggies,135.5,13
2024-01-27,Mississippi St Bulldogs,Auburn Tigers,146.3,13
2024-01-27,Eastern Michigan Eagles,Buffalo Bulls,143.6,13
2024-01-27,Morehead St Eagles,Western Illinois Leathernecks,131.3,13
2024-01-27,Abilene Christian Wildcats,Southern Utah Thunderbirds,156.9,11
2024-01-27,Florida A&M Rattlers,Alcorn St Braves,149.7,9
2024-01-27,American Eagles,Colgate Raiders,139.9,10
2024-01-27,Arkansas-Little Rock Trojans,SE Missouri St Redhawks,154.6,11
2024-01-27,Baylor Bears,TCU Horned Frogs,150.7,12
2024-01-27,Bellarmine Knights,Jacksonville Dolphins,137.9,9
2024-01-27,Bethune-Cookman Wildcats,Jackson St Tigers,149.0,10
2024-01-27,Boise State Broncos,Utah State Aggies,145.2,11
2024-01-27,Bryant Bulldogs,Vermont Catamounts,148.7,10
2024-01-27,Central Arkansas Bears,Kennesaw St Owls,167.1,9
2024-01-27,Tulane Green Wave,Charlotte 49ers,147.8,12
2024-01-27,Duke Blue Devils,Clemson Tigers,150.5,13
2024-01-27,Wyoming Cowboys,Colorado St Rams,148.1,11
2024-01-27,Norfolk St Spartans,Coppin St Eagles,128.5,9
2024-01-27,Delaware St Hornets,South Carolina St Bulldogs,146.8,9
2024-01-27,Denver Pioneers,Omaha Mavericks,159.5,12
2024-01-27,East Tennessee St Buccaneers,Samford Bulldogs,155.8,13
2024-01-27,Eastern Kentucky Colonels,North Florida Ospreys,149.8,10
2024-01-27,Eastern Washington Eagles,Northern Arizona Lumberjacks,149.8,12
2024-01-27,Gardner-Webb Bulldogs,South Carolina Upstate Spartans,141.9,10
2024-01-27,George Mason Patriots,Rhode Island Rams,142.7,13
2024-01-27,Winthrop Eagles,High Point Panthers,154.2,10
2024-01-27,UC Riverside Highlanders,Long Beach St 49ers,154.4,13
2024-01-27,Marshall Thundering Herd,Southern Miss Golden Eagles,149.3,13
2024-01-27,Maryland-Eastern Shore Hawks,North Carolina Central Eagles,135.6,10
2024-01-27,St. Francis (PA) Red Flash,Merrimack Warriors,132.2,8
2024-01-27,Milwaukee Panthers,Oakland Golden Grizzlies,155.3,12
2024-01-27,Valparaiso Beacons,Missouri St Bears,139.8,13
2024-01-27,Northwestern St Demons,Texas A&M-CC Islanders,146.7,10
2024-01-27,South Florida Bulls,UTSA Roadrunners,159.5,11
2024-01-27,Stony Brook Seawolves,UNC Wilmington Seahawks,140.5,11
2024-01-27,Eastern Illinois Panthers,Tennessee St Tigers,137.8,11
2024-01-27,Morgan St Bears,Howard Bison,155.4,9
2024-01-27,Tenn-Martin Skyhawks,Lindenwood Lions,154.0,11
2024-01-27,Radford Highlanders,Presbyterian Blue Hose,138.4,9
2024-01-27,SIU-Edwardsville Cougars,Tennessee Tech Golden Eagles,134.8,10
2024-01-27,Belmont Bruins,UIC Flames,151.5,11
2024-01-27,Washington St Cougars,Colorado Buffaloes,144.9,11
2024-01-27,Virginia Tech Hokies,Georgia Tech Yellow Jackets,146.0,11
2024-01-27,Grambling St Tigers,Miss Valley St Delta Devils,128.5,9
2024-01-27,Idaho Vandals,N Colorado Bears,151.8,11
2024-01-27,Michigan Wolverines,Iowa Hawkeyes,163.1,11
2024-01-27,Jacksonville St Gamecocks,Liberty Flames,131.1,11
2024-01-27,McNeese Cowboys,New Orleans Privateers,151.3,9
2024-01-27,Mt. St. Mary's Mountaineers,Rider Broncs,144.4,9
2024-01-27,Troy Trojans,South Alabama Jaguars,150.4,11
2024-01-27,Tarleton State Texans,Utah Tech Trailblazers,139.5,11
2024-01-27,UC Davis Aggies,UC San Diego Tritons,140.0,11
2024-01-27,Western Carolina Catamounts,VMI Keydets,150.4,11
2024-01-27,Oregon Ducks,Arizona Wildcats,157.0,11
2024-01-27,Charleston Southern Buccaneers,UNC Asheville Bulldogs,148.4,9
2024-01-27,Sam Houston St Bearkats,UTEP Miners,142.2,11
2024-01-27,Appalachian St Mountaineers,James Madison Dukes,145.0,11
2024-01-27,Arkansas Razorbacks,Kentucky Wildcats,163.8,11
2024-01-27,Indiana St Sycamores,Bradley Braves,151.9,11
2024-01-27,Richmond Spiders,Dayton Flyers,133.5,11
2024-01-27,Drake Bulldogs,Northern Iowa Panthers,142.8,11
2024-01-27,Middle Tennessee Blue Raiders,Florida Int'l Golden Panthers,138.5,11
2024-01-27,Wofford Terriers,Furman Paladins,154.9,11
2024-01-27,George Washington Colonials,La Salle Explorers,153.4,11
2024-01-27,Incarnate Word Cardinals,Houston Baptist Huskies,152.0,8
2024-01-27,Vanderbilt Commodores,Tennessee Volunteers,141.6,11
2024-01-27,Prairie View Panthers,Alabama St Hornets,138.1,9
2024-01-27,Southern Jaguars,Arkansas-Pine Bluff Golden Lions,156.0,9
2024-01-27,Penn State Nittany Lions,Minnesota Golden Gophers,150.0,11
2024-01-28,Fresno St Bulldogs,Air Force Falcons,129.7,11
2024-01-28,Oregon St Beavers,Arizona St Sun Devils,137.1,11
2024-01-28,Florida Gulf Coast Eagles,Austin Peay Governors,137.1,9
2024-01-28,Cincinnati Bearcats,UCF Knights,135.0,11
2024-01-28,Creighton Bluejays,DePaul Blue Demons,144.0,11
2024-01-28,Old Dominion Monarchs,Georgia Southern Eagles,152.1,11
2024-01-28,Lamar Cardinals,SE Louisiana Lions,143.6,9
2024-01-28,UNC Greensboro Spartans,Mercer Bears,135.0,11
2024-01-28,Portland St Vikings,Montana St Bobcats,144.7,11
2024-01-28,Syracuse Orange,NC State Wolfpack,150.3,11
2024-01-28,UMBC Retrievers,NJIT Highlanders,153.1,7
2024-01-28,North Alabama Lions,Queens University Royals,161.0,9
2024-01-28,Alabama Crimson Tide,LSU Tigers,161.6,11
2024-01-28,Davidson Wildcats,VCU Rams,138.6,11
2024-01-28,Saint Louis Billikens,Massachusetts Minutemen,156.6,10
2024-01-28,St. Thomas (MN) Tommies,North Dakota Fighting Hawks,139.2,10
2024-01-28,Oral Roberts Golden Eagles,South Dakota St Jackrabbits,156.4,11
2024-01-28,Pepperdine Waves,San Diego Toreros,152.1,11
2024-01-28,Portland Pilots,San Francisco Dons,149.9,11
2024-01-28,Rice Owls,Tulsa Golden Hurricane,148.5,11
2024-01-28,UMKC Kangaroos,South Dakota Coyotes,146.4,11
2024-01-28,USC Trojans,UCLA Bruins,136.0,10
2024-01-28,Northwestern Wildcats,Ohio State Buckeyes,139.0,11
2024-01-28,Texas A&M Aggies,Ole Miss Rebels,143.3,10
2024-01-28,CSU Fullerton Titans,CSU Bakersfield Roadrunners,129.4,11
2024-01-28,Weber State Wildcats,Idaho State Bengals,135.0,11
2024-01-28,Sacramento St Hornets,Montana Grizzlies,137.8,11
2024-01-28,San José St Spartans,UNLV Rebels,146.5,11
2024-01-28,UC Irvine Anteaters,CSU Northridge Matadors,147.1,11
2024-01-28,Pacific Tigers,Gonzaga Bulldogs,154.3,11
2024-01-28,Saint Mary's Gaels,Loyola Marymount Lions,131.0,11
2024-01-28,Washington Huskies,Utah Utes,158.6,11
2024-01-28,Hawai'i Rainbow Warriors,Cal Poly Mustangs,126.0,11
