game_id,pulling_team,score_differential,period,goals_by_pulling_team,goals_by_opponent,total_goals_after_pull,outcome,pulling_team_tied_game
20001,TBL,-1,3,1,0,1,pulling_team_scored,True
20002,CHI,-1,3,1,0,1,pulling_team_scored,True
20003,VGK,-2,3,1,0,1,pulling_team_scored,True
20006,BOS,-1,3,1,0,1,pulling_team_scored,True
20007,CGY,-1,3,1,0,1,pulling_team_scored,True
20008,COL,-2,3,1,0,1,pulling_team_scored,True
20010,NYR,-3,3,1,0,1,pulling_team_scored,True
20011,PHI,-1,3,2,1,3,both_scored,True
20012,NJD,-1,3,1,1,2,both_scored,True
20015,NSH,-2,3,1,0,1,pulling_team_scored,True
20020,WPG,-1,3,1,0,1,pulling_team_scored,True
20023,DET,-1,3,1,0,1,pulling_team_scored,True
20025,PIT,-2,3,1,0,1,pulling_team_scored,True
20031,VGK,-2,3,1,0,1,pulling_team_scored,True
20033,OTT,-2,3,1,0,1,pulling_team_scored,True
20034,ANA,-1,3,2,0,2,pulling_team_scored,True
20036,FLA,-1,3,0,0,0,no_goal,True
20038,CHI,-2,3,1,0,1,pulling_team_scored,True
20042,PHI,-2,3,0,0,0,no_goal,True
20046,COL,-2,3,1,0,1,pulling_team_scored,True
20050,DET,-1,3,2,0,2,pulling_team_scored,True
20051,CGY,-1,3,0,0,0,no_goal,True
20052,FLA,-1,3,1,0,1,pulling_team_scored,True
20056,LAK,-2,3,2,0,2,pulling_team_scored,True
20058,VGK,-1,3,1,0,1,pulling_team_scored,True
20060,SEA,-2,3,1,0,1,pulling_team_scored,True
20063,CBJ,-1,3,1,0,1,pulling_team_scored,True
20066,ARI,-1,3,0,0,0,no_goal,True
20068,VAN,-1,3,1,0,1,pulling_team_scored,True
20075,STL,-2,3,0,0,0,no_goal,True
20076,COL,-2,3,0,0,0,no_goal,True
20081,BOS,-1,3,1,0,1,pulling_team_scored,True
20085,BUF,-1,3,1,0,1,pulling_team_scored,True
20087,NJD,-2,3,1,0,1,pulling_team_scored,True
20089,FLA,-1,3,1,0,1,pulling_team_scored,True
20090,COL,-1,3,2,0,2,pulling_team_scored,True
20093,WPG,-1,3,1,0,1,pulling_team_scored,True
20094,MIN,-2,3,1,0,1,pulling_team_scored,True
20095,VAN,-1,3,0,0,0,no_goal,True
20097,LAK,-2,3,1,0,1,pulling_team_scored,True
20099,WSH,-1,3,1,0,1,pulling_team_scored,True
20102,WPG,-2,3,1,0,1,pulling_team_scored,True
20108,TOR,-2,3,1,0,1,pulling_team_scored,True
20109,STL,-2,3,1,0,1,pulling_team_scored,True
20115,LAK,-1,3,0,0,0,no_goal,True
20119,BOS,-2,3,1,0,1,pulling_team_scored,True
20125,VGK,-1,3,0,1,1,opponent_scored,True
20126,BUF,-3,3,1,0,1,pulling_team_scored,True
20127,NJD,-1,3,0,0,0,no_goal,True
20128,WSH,-1,3,1,0,1,pulling_team_scored,True
20129,EDM,-2,3,1,0,1,pulling_team_scored,True
20136,DAL,-2,3,1,1,2,both_scored,True
20140,VAN,-2,3,1,0,1,pulling_team_scored,True
20141,BUF,-2,3,1,0,1,pulling_team_scored,True
20143,COL,-3,3,0,0,0,no_goal,True
20146,CBJ,-1,3,1,0,1,pulling_team_scored,True
20147,FLA,-1,3,1,0,1,pulling_team_scored,True
20148,NYR,-1,3,0,0,0,no_goal,True
20150,NYI,-3,3,0,0,0,no_goal,True
20155,VGK,-2,3,1,0,1,pulling_team_scored,True
20158,STL,-1,3,2,0,2,pulling_team_scored,True
20162,TBL,-2,3,0,0,0,no_goal,True
20164,STL,-3,3,1,1,2,both_scored,True
20165,BUF,-1,3,1,0,1,pulling_team_scored,True
20166,WSH,-1,3,0,0,0,no_goal,True
20168,CHI,-2,3,1,0,1,pulling_team_scored,True
20170,CGY,-1,3,2,0,2,pulling_team_scored,True
20174,NJD,-1,3,1,0,1,pulling_team_scored,True
20175,ANA,-1,3,1,0,1,pulling_team_scored,True
20178,BOS,-2,3,0,1,1,opponent_scored,True
20183,NYR,-2,3,0,0,0,no_goal,True
20184,WPG,-2,3,1,0,1,pulling_team_scored,True
20186,CGY,-1,3,1,0,1,pulling_team_scored,True
20187,PIT,-1,3,1,0,1,pulling_team_scored,True
20188,COL,-2,3,1,0,1,pulling_team_scored,True
20189,SJS,-1,3,0,0,0,no_goal,True
20192,LAK,-2,3,1,0,1,pulling_team_scored,True
20193,BOS,-2,3,1,0,1,pulling_team_scored,True
20194,DAL,-2,3,1,0,1,pulling_team_scored,True
20196,NYR,-2,3,1,0,1,pulling_team_scored,True
20199,STL,-1,3,0,0,0,no_goal,True
20200,WPG,-2,3,1,0,1,pulling_team_scored,True
20205,FLA,-2,3,1,0,1,pulling_team_scored,True
20206,WSH,-1,3,1,0,1,pulling_team_scored,True
20208,PHI,-2,3,1,0,1,pulling_team_scored,True
20211,DAL,-1,3,0,0,0,no_goal,True
20214,CAR,-3,3,1,0,1,pulling_team_scored,True
20216,WSH,-2,3,1,0,1,pulling_team_scored,True
20217,PIT,-3,3,1,0,1,pulling_team_scored,True
20218,ARI,-1,3,1,0,1,pulling_team_scored,True
20224,VAN,-2,3,2,1,3,both_scored,True
20227,EDM,-2,3,1,0,1,pulling_team_scored,True
20230,PIT,-1,3,1,0,1,pulling_team_scored,True
20232,WSH,-1,3,2,0,2,pulling_team_scored,True
20234,ANA,-1,3,0,0,0,no_goal,True
20235,STL,-3,3,2,0,2,pulling_team_scored,True
20236,WPG,-2,3,1,0,1,pulling_team_scored,True
20237,FLA,-1,3,1,0,1,pulling_team_scored,True
20246,TBL,-1,3,1,0,1,pulling_team_scored,True
20247,CGY,-2,3,1,0,1,pulling_team_scored,True
20253,FLA,-1,3,0,0,0,no_goal,True
20256,NSH,-1,3,1,0,1,pulling_team_scored,True
20257,TBL,-1,3,1,0,1,pulling_team_scored,True
20259,CAR,-1,3,1,0,1,pulling_team_scored,True
20261,NYR,-1,3,1,0,1,pulling_team_scored,True
20262,WPG,-2,3,1,0,1,pulling_team_scored,True
20263,WSH,-1,3,0,0,0,no_goal,True
20264,COL,-2,3,1,0,1,pulling_team_scored,True
20268,PHI,-2,3,1,0,1,pulling_team_scored,True
20269,PIT,-2,3,1,0,1,pulling_team_scored,True
20271,STL,-2,3,0,0,0,no_goal,True
20272,FLA,-1,3,1,0,1,pulling_team_scored,True
20274,DAL,-2,3,2,1,3,both_scored,True
20279,CAR,-2,3,1,0,1,pulling_team_scored,True
20286,NYI,-1,3,0,0,0,no_goal,True
20291,COL,-2,3,1,0,1,pulling_team_scored,True
20293,DET,-2,3,1,0,1,pulling_team_scored,True
20294,NYR,-2,3,0,0,0,no_goal,True
20301,BUF,-1,3,0,0,0,no_goal,True
20304,WPG,-2,3,1,0,1,pulling_team_scored,True
20305,CGY,-2,3,1,0,1,pulling_team_scored,True
20313,COL,-2,3,0,0,0,no_goal,True
20314,SJS,-1,3,0,0,0,no_goal,True
20315,ARI,-1,3,1,0,1,pulling_team_scored,True
20316,DET,-2,3,1,0,1,pulling_team_scored,True
20321,CBJ,-3,3,1,1,2,both_scored,True
20322,BUF,-2,3,2,0,2,pulling_team_scored,True
20324,COL,-2,3,1,0,1,pulling_team_scored,True
20326,SJS,-1,3,0,0,0,no_goal,True
20328,CAR,-2,3,1,0,1,pulling_team_scored,True
20330,MIN,-2,3,0,0,0,no_goal,True
20332,DAL,-2,3,0,0,0,no_goal,True
20333,CHI,-1,3,0,0,0,no_goal,True
20334,ARI,-2,3,0,0,0,no_goal,True
20336,VAN,-1,3,1,0,1,pulling_team_scored,True
20337,MTL,-1,3,1,0,1,pulling_team_scored,True
20341,NYI,-1,3,1,1,2,both_scored,True
20345,PIT,-1,3,1,0,1,pulling_team_scored,True
20348,STL,-2,3,0,0,0,no_goal,True
20349,EDM,-1,3,1,0,1,pulling_team_scored,True
20355,SJS,-2,3,1,0,1,pulling_team_scored,True
20357,WPG,-2,3,0,0,0,no_goal,True
20358,NYR,-1,3,0,0,0,no_goal,True
20365,ARI,-2,3,1,0,1,pulling_team_scored,True
20367,VAN,-1,3,1,1,2,both_scored,True
20368,VGK,-2,3,1,0,1,pulling_team_scored,True
20373,LAK,-2,3,1,0,1,pulling_team_scored,True
20376,MTL,-1,3,1,0,1,pulling_team_scored,True
20377,WPG,-1,3,0,0,0,no_goal,True
20380,DET,-1,3,1,0,1,pulling_team_scored,True
20382,OTT,-3,3,1,0,1,pulling_team_scored,True
20386,COL,-1,3,0,0,0,no_goal,True
20390,VGK,-2,3,1,0,1,pulling_team_scored,True
20393,DET,-1,3,0,2,2,opponent_scored,True
20398,NSH,-3,3,1,0,1,pulling_team_scored,True
20401,CGY,-1,3,0,0,0,no_goal,True
20402,WPG,-1,3,1,0,1,pulling_team_scored,True
20405,CBJ,-2,3,1,0,1,pulling_team_scored,True
20406,FLA,-1,3,1,0,1,pulling_team_scored,True
20409,NJD,-1,3,1,0,1,pulling_team_scored,True
20412,OTT,-3,3,1,0,1,pulling_team_scored,True
20413,TOR,-3,3,1,0,1,pulling_team_scored,True
20420,FLA,-2,3,2,1,3,both_scored,True
20421,EDM,-2,3,1,0,1,pulling_team_scored,True
20425,WPG,-1,3,1,0,1,pulling_team_scored,True
20426,MIN,-2,3,1,0,1,pulling_team_scored,True
20428,BUF,-2,3,1,0,1,pulling_team_scored,True
20430,DAL,-2,3,1,0,1,pulling_team_scored,True
20432,TOR,-3,3,1,0,1,pulling_team_scored,True
20434,PIT,-1,3,1,0,1,pulling_team_scored,True
20436,DET,-1,3,1,0,1,pulling_team_scored,True
20438,SEA,-3,3,1,0,1,pulling_team_scored,True
20439,VAN,-2,3,1,0,1,pulling_team_scored,True
20441,SJS,-1,3,0,0,0,no_goal,True
20446,WPG,-2,3,1,0,1,pulling_team_scored,True
20452,TBL,-1,3,2,0,2,pulling_team_scored,True
20459,ARI,-1,3,0,0,0,no_goal,True
20460,BUF,-2,3,1,0,1,pulling_team_scored,True
20463,NJD,-3,3,1,1,2,both_scored,True
20464,MTL,-1,3,1,0,1,pulling_team_scored,True
20467,WPG,-3,3,1,0,1,pulling_team_scored,True
20470,ARI,-2,3,0,0,0,no_goal,True
20471,CGY,-2,3,0,0,0,no_goal,True
20476,ANA,-3,3,1,0,1,pulling_team_scored,True
20477,COL,-3,3,1,0,1,pulling_team_scored,True
20479,ANA,-1,3,0,0,0,no_goal,True
20483,CGY,-1,3,1,0,1,pulling_team_scored,True
20489,NYR,-2,3,1,0,1,pulling_team_scored,True
20493,ARI,-1,3,0,0,0,no_goal,True
20494,LAK,-3,3,1,1,2,both_scored,True
20497,SEA,-1,3,0,0,0,no_goal,True
20500,STL,-2,3,1,0,1,pulling_team_scored,True
20502,NSH,-1,3,1,0,1,pulling_team_scored,True
20507,COL,-1,3,1,0,1,pulling_team_scored,True
20508,CGY,-2,3,1,0,1,pulling_team_scored,True
20511,EDM,-3,3,0,2,2,opponent_scored,True
20513,MTL,-2,3,1,0,1,pulling_team_scored,True
20524,STL,-1,3,1,0,1,pulling_team_scored,True
20526,LAK,-1,3,1,0,1,pulling_team_scored,True
20527,VAN,-2,3,1,0,1,pulling_team_scored,True
20531,OTT,-1,3,1,0,1,pulling_team_scored,True
20532,BOS,-3,3,0,0,0,no_goal,True
20535,CAR,-3,3,0,0,0,no_goal,True
20536,STL,-1,3,0,0,0,no_goal,True
20540,ANA,-3,3,0,0,0,no_goal,True
20542,CAR,-1,3,1,0,1,pulling_team_scored,True
20553,ARI,-2,3,0,0,0,no_goal,True
20558,FLA,-2,3,1,0,1,pulling_team_scored,True
20559,PIT,-1,3,1,0,1,pulling_team_scored,True
20560,NYR,-3,3,1,0,1,pulling_team_scored,True
20561,CAR,-1,3,1,1,2,both_scored,True
20565,BOS,-1,3,2,1,3,both_scored,True
20566,OTT,-3,3,1,0,1,pulling_team_scored,True
20567,PIT,-1,3,1,0,1,pulling_team_scored,True
20570,CGY,-1,3,1,1,2,both_scored,True
20571,COL,-1,3,1,0,1,pulling_team_scored,True
20573,SEA,-3,3,0,0,0,no_goal,True
20576,WSH,-1,3,0,0,0,no_goal,True
20577,MTL,-2,3,0,1,1,opponent_scored,True
20578,CGY,-1,3,1,0,1,pulling_team_scored,True
20579,NSH,-2,3,1,0,1,pulling_team_scored,True
20580,WPG,-2,3,1,1,2,both_scored,True
20581,FLA,-2,3,1,0,1,pulling_team_scored,True
20585,TOR,-2,3,1,0,1,pulling_team_scored,True
20586,DET,-1,3,1,0,1,pulling_team_scored,True
20590,BUF,-3,3,2,0,2,pulling_team_scored,True
20594,TBL,-2,3,1,0,1,pulling_team_scored,True
20598,SEA,-2,3,1,0,1,pulling_team_scored,True
20601,WPG,-1,3,0,0,0,no_goal,True
20602,NJD,-1,3,1,0,1,pulling_team_scored,True
20603,CAR,-2,3,2,0,2,pulling_team_scored,True
20606,FLA,-3,3,1,0,1,pulling_team_scored,True
20607,BOS,-2,3,2,0,2,pulling_team_scored,True
20611,VAN,-1,3,1,0,1,pulling_team_scored,True
20617,CHI,-1,3,0,0,0,no_goal,True
20619,WPG,-2,3,2,0,2,pulling_team_scored,True
20620,DET,-1,3,0,0,0,no_goal,True
20621,VAN,-2,3,1,0,1,pulling_team_scored,True
20628,VAN,-2,3,1,0,1,pulling_team_scored,True
20630,FLA,-3,3,1,0,1,pulling_team_scored,True
20632,EDM,-1,3,0,0,0,no_goal,True
20634,CGY,-2,3,1,0,1,pulling_team_scored,True
20638,BUF,-1,3,1,0,1,pulling_team_scored,True
20643,VAN,-1,3,1,1,2,both_scored,True
20647,STL,-2,3,1,0,1,pulling_team_scored,True
20651,NSH,-1,3,2,0,2,pulling_team_scored,True
20654,VAN,-1,3,0,0,0,no_goal,True
20656,NJD,-2,3,1,0,1,pulling_team_scored,True
20658,SEA,-2,3,1,0,1,pulling_team_scored,True
20659,DET,-2,3,0,0,0,no_goal,True
20662,COL,-1,3,1,0,1,pulling_team_scored,True
20664,DAL,-1,3,1,0,1,pulling_team_scored,True
20666,NSH,-1,3,1,0,1,pulling_team_scored,True
20668,CGY,-2,3,0,0,0,no_goal,True
20669,NYR,-1,3,0,0,0,no_goal,True
20670,DET,-1,3,1,0,1,pulling_team_scored,True
20671,BOS,-2,3,1,0,1,pulling_team_scored,True
20672,BUF,-2,3,1,0,1,pulling_team_scored,True
20675,LAK,-2,3,1,0,1,pulling_team_scored,True
20677,PIT,-2,3,1,0,1,pulling_team_scored,True
20678,MTL,-1,3,0,0,0,no_goal,True
20679,PHI,-1,3,1,0,1,pulling_team_scored,True
20680,VGK,-2,3,1,0,1,pulling_team_scored,True
20681,NYR,-2,3,1,0,1,pulling_team_scored,True
20682,COL,-2,3,1,0,1,pulling_team_scored,True
20683,WSH,-1,3,1,0,1,pulling_team_scored,True
20685,WPG,-1,3,1,0,1,pulling_team_scored,True
20688,EDM,-1,3,1,0,1,pulling_team_scored,True
20692,BOS,-2,3,1,0,1,pulling_team_scored,True
20693,OTT,-4,3,1,1,2,both_scored,True
20696,WSH,-2,3,1,0,1,pulling_team_scored,True
20697,TOR,-1,3,0,0,0,no_goal,True
20700,VAN,-1,3,0,0,0,no_goal,True
20701,VGK,-3,3,1,0,1,pulling_team_scored,True
20702,CAR,-1,3,1,0,1,pulling_team_scored,True
20704,MIN,-1,3,1,0,1,pulling_team_scored,True
20706,TBL,-1,3,1,0,1,pulling_team_scored,True
20707,COL,-2,3,1,0,1,pulling_team_scored,True
20708,ARI,-2,3,0,1,1,opponent_scored,True
20714,EDM,-1,3,1,0,1,pulling_team_scored,True
20715,SJS,-1,3,1,0,1,pulling_team_scored,True
20716,VGK,-1,3,0,0,0,no_goal,True
20718,OTT,-1,3,1,0,1,pulling_team_scored,True
20719,MIN,-1,3,2,0,2,pulling_team_scored,True
20722,NYR,-2,3,1,0,1,pulling_team_scored,True
20723,TOR,-1,3,1,0,1,pulling_team_scored,True
20724,BOS,-2,3,1,0,1,pulling_team_scored,True
20726,FLA,-1,3,2,0,2,pulling_team_scored,True
20727,ARI,-1,3,2,0,2,pulling_team_scored,True
20731,OTT,-2,3,1,0,1,pulling_team_scored,True
20732,TBL,-1,3,2,0,2,pulling_team_scored,True
20737,ANA,-1,3,1,0,1,pulling_team_scored,True
20746,CAR,-2,3,0,1,1,opponent_scored,True
20752,NSH,-1,3,0,0,0,no_goal,True
20753,CBJ,-2,3,1,0,1,pulling_team_scored,True
20754,EDM,-2,3,1,0,1,pulling_team_scored,True
20755,VGK,-3,3,1,1,2,both_scored,True
20756,FLA,-1,3,0,1,1,opponent_scored,True
20761,EDM,-2,3,1,0,1,pulling_team_scored,True
20762,BUF,-2,3,1,0,1,pulling_team_scored,True
20764,DET,-2,3,1,0,1,pulling_team_scored,True
20765,NYR,-3,3,2,0,2,pulling_team_scored,True
20767,TBL,-1,3,2,0,2,pulling_team_scored,True
20768,TOR,-2,3,1,1,2,both_scored,True
20770,ANA,-1,3,0,0,0,no_goal,True
20771,CGY,-1,3,0,0,0,no_goal,True
20774,SEA,-1,3,1,0,1,pulling_team_scored,True
20777,SJS,-1,3,1,0,1,pulling_team_scored,True
20779,LAK,-1,3,1,0,1,pulling_team_scored,True
20785,VAN,-1,3,0,0,0,no_goal,True
20787,NJD,-1,3,1,0,1,pulling_team_scored,True
20790,VGK,-1,3,1,0,1,pulling_team_scored,True
20791,NYR,-1,3,1,0,1,pulling_team_scored,True
20792,TOR,-2,3,0,1,1,opponent_scored,True
20793,MIN,-1,3,0,0,0,no_goal,True
20795,FLA,-1,3,1,0,1,pulling_team_scored,True
20796,CGY,-1,3,1,0,1,pulling_team_scored,True
20799,CAR,-2,3,1,0,1,pulling_team_scored,True
20803,EDM,-1,3,1,0,1,pulling_team_scored,True
20807,CGY,-2,3,2,1,3,both_scored,True
20808,WSH,-2,3,1,0,1,pulling_team_scored,True
20811,TBL,-1,3,1,0,1,pulling_team_scored,True
20812,OTT,-1,3,1,0,1,pulling_team_scored,True
20816,LAK,-3,3,1,0,1,pulling_team_scored,True
20820,NYR,-1,3,1,0,1,pulling_team_scored,True
20821,PHI,-1,3,1,0,1,pulling_team_scored,True
20822,MIN,-1,3,1,0,1,pulling_team_scored,True
20826,OTT,-2,3,1,0,1,pulling_team_scored,True
20827,TOR,-2,3,1,0,1,pulling_team_scored,True
20828,COL,-1,3,2,0,2,pulling_team_scored,True
20830,DAL,-1,3,1,0,1,pulling_team_scored,True
20831,NJD,-1,3,1,0,1,pulling_team_scored,True
20832,VAN,-2,3,0,0,0,no_goal,True
20837,SEA,-2,3,1,0,1,pulling_team_scored,True
20838,FLA,-2,3,2,0,2,pulling_team_scored,True
20842,TBL,-1,3,2,0,2,pulling_team_scored,True
20844,STL,-2,3,1,0,1,pulling_team_scored,True
20845,PIT,-2,3,1,0,1,pulling_team_scored,True
20855,NSH,-2,3,1,0,1,pulling_team_scored,True
20857,WSH,-1,3,0,0,0,no_goal,True
20859,NJD,-2,3,1,0,1,pulling_team_scored,True
20863,NYI,-1,3,0,2,2,opponent_scored,True
20865,LAK,-1,3,0,0,0,no_goal,True
20868,TOR,-2,3,1,1,2,both_scored,True
20869,MIN,-1,3,2,0,2,pulling_team_scored,True
20871,EDM,-2,3,1,0,1,pulling_team_scored,True
20872,CGY,-2,3,1,0,1,pulling_team_scored,True
20874,CAR,-2,3,1,0,1,pulling_team_scored,True
20875,OTT,-2,3,0,0,0,no_goal,True
20877,NYR,-1,3,1,0,1,pulling_team_scored,True
20880,WPG,-2,3,1,0,1,pulling_team_scored,True
20881,COL,-1,3,1,0,1,pulling_team_scored,True
20882,NSH,-1,3,1,0,1,pulling_team_scored,True
20885,PHI,-2,3,0,0,0,no_goal,True
20886,CBJ,-2,3,1,0,1,pulling_team_scored,True
20893,PIT,-2,3,1,0,1,pulling_team_scored,True
20894,WSH,-1,3,1,0,1,pulling_team_scored,True
20895,STL,-3,3,1,0,1,pulling_team_scored,True
20897,SEA,-2,3,1,0,1,pulling_team_scored,True
20899,NSH,-1,3,2,0,2,pulling_team_scored,True
20902,MIN,-1,3,1,0,1,pulling_team_scored,True
20904,TBL,-1,3,1,0,1,pulling_team_scored,True
20912,CGY,-3,3,1,1,2,both_scored,True
20914,NSH,-1,3,1,0,1,pulling_team_scored,True
20916,TBL,-2,3,1,0,1,pulling_team_scored,True
20917,PIT,-1,3,0,0,0,no_goal,True
20922,NSH,-1,3,1,0,1,pulling_team_scored,True
20929,MTL,-1,3,1,0,1,pulling_team_scored,True
20930,PHI,-3,3,2,1,3,both_scored,True
20931,VGK,-2,3,2,0,2,pulling_team_scored,True
20935,CGY,-1,3,1,0,1,pulling_team_scored,True
20939,NYR,-1,3,2,0,2,pulling_team_scored,True
20942,CAR,-1,3,1,0,1,pulling_team_scored,True
20943,NYI,-1,3,1,0,1,pulling_team_scored,True
20946,TOR,-1,3,1,0,1,pulling_team_scored,True
20947,DAL,-2,3,1,0,1,pulling_team_scored,True
20952,ANA,-1,3,1,0,1,pulling_team_scored,True
20953,ARI,-1,3,1,0,1,pulling_team_scored,True
20956,WPG,-1,3,1,0,1,pulling_team_scored,True
20959,NSH,-3,3,1,0,1,pulling_team_scored,True
20962,PHI,-1,3,1,0,1,pulling_team_scored,True
20964,TOR,-1,3,0,1,1,opponent_scored,True
20965,CBJ,-2,3,1,0,1,pulling_team_scored,True
20967,STL,-1,3,1,0,1,pulling_team_scored,True
20968,CGY,-1,3,0,0,0,no_goal,True
20969,ARI,-2,3,1,0,1,pulling_team_scored,True
20970,LAK,-3,3,1,0,1,pulling_team_scored,True
20971,WPG,-1,3,2,0,2,pulling_team_scored,True
20975,CBJ,-2,3,1,0,1,pulling_team_scored,True
20976,FLA,-1,3,1,0,1,pulling_team_scored,True
20982,FLA,-1,3,1,0,1,pulling_team_scored,True
20983,PIT,-2,3,0,0,0,no_goal,True
20984,NYI,-1,3,1,0,1,pulling_team_scored,True
20987,CHI,-2,3,1,0,1,pulling_team_scored,True
20992,ANA,-1,3,0,0,0,no_goal,True
20994,CAR,-2,3,1,0,1,pulling_team_scored,True
20995,CBJ,-1,3,1,0,1,pulling_team_scored,True
20997,NJD,-2,3,1,0,1,pulling_team_scored,True
20999,CGY,-3,3,1,1,2,both_scored,True
21000,NSH,-2,3,0,0,0,no_goal,True
21001,MIN,-1,3,2,0,2,pulling_team_scored,True
21002,VAN,-2,3,0,0,0,no_goal,True
21008,WPG,-2,3,1,0,1,pulling_team_scored,True
21011,CAR,-1,3,2,1,3,both_scored,True
21020,VGK,-1,3,1,0,1,pulling_team_scored,True
21021,DAL,-2,3,1,0,1,pulling_team_scored,True
21025,CHI,-2,3,1,0,1,pulling_team_scored,True
21027,STL,-3,3,1,0,1,pulling_team_scored,True
21028,NYR,-1,3,1,0,1,pulling_team_scored,True
21030,LAK,-2,3,1,0,1,pulling_team_scored,True
21032,NYR,-1,3,0,0,0,no_goal,True
21036,FLA,-1,3,0,0,0,no_goal,True
21037,MIN,-1,3,2,0,2,pulling_team_scored,True
21041,STL,-2,3,0,0,0,no_goal,True
21045,BUF,-3,3,1,0,1,pulling_team_scored,True
21046,CAR,-3,3,1,0,1,pulling_team_scored,True
21048,ARI,-2,3,1,0,1,pulling_team_scored,True
21051,PIT,-2,3,1,0,1,pulling_team_scored,True
21052,TBL,-2,3,1,0,1,pulling_team_scored,True
21055,CGY,-2,3,1,0,1,pulling_team_scored,True
21059,DET,-2,3,1,0,1,pulling_team_scored,True
21061,NYR,-2,3,1,0,1,pulling_team_scored,True
21062,ARI,-2,3,1,0,1,pulling_team_scored,True
21063,TBL,-1,3,1,0,1,pulling_team_scored,True
21065,CBJ,-1,3,1,0,1,pulling_team_scored,True
21067,TOR,-2,3,0,2,2,opponent_scored,True
21071,NSH,-2,3,1,0,1,pulling_team_scored,True
21074,VGK,-1,3,1,0,1,pulling_team_scored,True
21076,CHI,-2,3,1,0,1,pulling_team_scored,True
21078,PIT,-3,3,1,1,2,both_scored,True
21079,STL,-3,3,0,1,1,opponent_scored,True
21080,WSH,-2,3,1,0,1,pulling_team_scored,True
21083,CBJ,-1,3,0,2,2,opponent_scored,True
21085,WPG,-1,3,1,0,1,pulling_team_scored,True
21087,CAR,-2,3,1,0,1,pulling_team_scored,True
21089,COL,-1,3,0,0,0,no_goal,True
21093,VAN,-1,3,1,1,2,both_scored,True
21094,TBL,-1,3,1,0,1,pulling_team_scored,True
21098,NYR,-1,3,2,0,2,pulling_team_scored,True
21100,DET,-2,3,1,0,1,pulling_team_scored,True
21102,NJD,-2,3,1,0,1,pulling_team_scored,True
21103,STL,-2,3,1,0,1,pulling_team_scored,True
21107,VGK,-1,3,1,0,1,pulling_team_scored,True
21110,DAL,-2,3,0,0,0,no_goal,True
21118,TOR,-2,3,1,0,1,pulling_team_scored,True
21120,VAN,-2,3,1,1,2,both_scored,True
21126,NJD,-3,3,1,0,1,pulling_team_scored,True
21128,OTT,-1,3,1,0,1,pulling_team_scored,True
21129,FLA,-2,3,1,0,1,pulling_team_scored,True
21130,DAL,-1,3,1,0,1,pulling_team_scored,True
21132,BUF,-1,3,2,0,2,pulling_team_scored,True
21135,LAK,-2,3,0,1,1,opponent_scored,True
21138,PIT,-1,3,2,0,2,pulling_team_scored,True
21139,NJD,-2,3,1,0,1,pulling_team_scored,True
21148,OTT,-3,3,1,0,1,pulling_team_scored,True
21149,TBL,-1,3,1,0,1,pulling_team_scored,True
21151,NYI,-1,3,0,0,0,no_goal,True
21152,MTL,-2,3,2,1,3,both_scored,True
21153,OTT,-2,3,0,0,0,no_goal,True
21154,PIT,-1,3,0,0,0,no_goal,True
21156,MIN,-1,3,1,0,1,pulling_team_scored,True
21157,STL,-1,3,1,0,1,pulling_team_scored,True
21158,VGK,-1,3,2,0,2,pulling_team_scored,True
21160,EDM,-2,3,1,0,1,pulling_team_scored,True
21161,ARI,-3,3,2,1,3,both_scored,True
21162,SEA,-2,3,0,0,0,no_goal,True
21163,DAL,-1,3,1,0,1,pulling_team_scored,True
21164,BUF,-1,3,2,0,2,pulling_team_scored,True
21166,VGK,0,4,1,0,1,pulling_team_scored,True
21168,NYR,-1,3,2,0,2,pulling_team_scored,True
21169,COL,-2,3,1,0,1,pulling_team_scored,True
21172,CAR,-2,3,1,0,1,pulling_team_scored,True
21174,TBL,-2,3,1,0,1,pulling_team_scored,True
21177,SJS,-3,3,1,0,1,pulling_team_scored,True
21179,DAL,-2,3,1,0,1,pulling_team_scored,True
21181,CBJ,-2,3,1,0,1,pulling_team_scored,True
21182,PIT,-1,3,2,0,2,pulling_team_scored,True
21183,NYI,-1,3,1,1,2,both_scored,True
21184,DET,-1,3,1,0,1,pulling_team_scored,True
21185,TOR,-1,3,1,0,1,pulling_team_scored,True
21187,WPG,-1,3,0,0,0,no_goal,True
21188,SEA,-1,3,1,0,1,pulling_team_scored,True
21191,PIT,-2,3,1,0,1,pulling_team_scored,True
21194,BOS,-2,3,1,0,1,pulling_team_scored,True
21198,NYR,-1,3,0,0,0,no_goal,True
21200,VAN,-1,3,0,0,0,no_goal,True
21202,BOS,-2,3,1,0,1,pulling_team_scored,True
21203,NYI,-1,3,1,0,1,pulling_team_scored,True
21204,TBL,-2,3,1,0,1,pulling_team_scored,True
21206,PIT,-2,3,1,0,1,pulling_team_scored,True
21207,COL,-2,3,1,0,1,pulling_team_scored,True
21208,NSH,-1,3,2,0,2,pulling_team_scored,True
21209,WPG,-2,3,1,0,1,pulling_team_scored,True
21211,BUF,-2,3,0,0,0,no_goal,True
21212,CAR,-1,3,1,0,1,pulling_team_scored,True
21213,NYR,-1,3,0,0,0,no_goal,True
21216,ARI,-2,3,1,0,1,pulling_team_scored,True
21225,NYI,-1,3,1,0,1,pulling_team_scored,True
21226,EDM,-1,3,1,0,1,pulling_team_scored,True
21228,DET,-2,3,0,0,0,no_goal,True
21231,ARI,-2,3,1,0,1,pulling_team_scored,True
21234,NYR,-2,3,1,0,1,pulling_team_scored,True
21236,DAL,-2,3,1,0,1,pulling_team_scored,True
21238,VAN,-1,3,0,0,0,no_goal,True
21243,TOR,-2,3,1,0,1,pulling_team_scored,True
21244,NYI,-1,3,1,0,1,pulling_team_scored,True
21245,TBL,-2,3,1,0,1,pulling_team_scored,True
21246,DAL,-1,3,0,0,0,no_goal,True
21249,ANA,-2,3,0,0,0,no_goal,True
21255,BUF,-2,3,1,1,2,both_scored,True
21262,WPG,-2,3,1,0,1,pulling_team_scored,True
21264,LAK,-2,3,1,0,1,pulling_team_scored,True
21265,CAR,-1,3,2,0,2,pulling_team_scored,True
21274,PHI,-1,3,0,0,0,no_goal,True
21279,BOS,-2,3,1,1,2,both_scored,True
21280,VAN,-1,3,1,0,1,pulling_team_scored,True
21281,LAK,-2,3,0,0,0,no_goal,True
21283,STL,-2,3,1,0,1,pulling_team_scored,True
21285,CAR,-1,3,1,0,1,pulling_team_scored,True
21289,PIT,-2,3,0,0,0,no_goal,True
21290,BUF,-2,3,0,0,0,no_goal,True
21291,WSH,-1,3,1,0,1,pulling_team_scored,True
21295,OTT,-1,3,1,0,1,pulling_team_scored,True
21297,FLA,-2,3,1,0,1,pulling_team_scored,True
21299,WSH,0,3,1,0,1,pulling_team_scored,True
21300,WPG,-1,3,0,0,0,no_goal,True
21301,VGK,-1,3,1,0,1,pulling_team_scored,True
21303,NYI,-1,3,0,0,0,no_goal,True
21304,TBL,-3,3,0,1,1,opponent_scored,True
21306,ARI,-2,3,1,0,1,pulling_team_scored,True
21307,SEA,-1,3,1,1,2,both_scored,True
21308,WPG,-1,3,1,0,1,pulling_team_scored,True
21311,ANA,-2,3,1,0,1,pulling_team_scored,True
30111,FLA,-1,3,1,1,2,both_scored,True
30113,FLA,-1,3,1,0,1,pulling_team_scored,True
30115,FLA,-3,3,2,0,2,pulling_team_scored,True
30121,BOS,-3,3,1,0,1,pulling_team_scored,True
30122,TOR,-1,3,0,0,0,no_goal,True
30123,BOS,-1,3,1,0,1,pulling_team_scored,True
30124,BOS,-2,3,0,0,0,no_goal,True
30126,TOR,-2,3,0,1,1,opponent_scored,True
30132,NYR,-1,3,0,0,0,no_goal,True
30133,NYR,-2,3,0,0,0,no_goal,True
30134,NYR,-1,3,1,0,1,pulling_team_scored,True
30141,CAR,-1,3,1,0,1,pulling_team_scored,True
30142,CAR,-1,3,1,0,1,pulling_team_scored,True
30145,CAR,-2,3,1,0,1,pulling_team_scored,True
30151,VGK,-1,3,0,0,0,no_goal,True
30152,VGK,-1,3,1,0,1,pulling_team_scored,True
30154,DAL,-1,3,1,0,1,pulling_team_scored,True
30155,DAL,-1,3,0,0,0,no_goal,True
30156,VGK,-1,3,1,0,1,pulling_team_scored,True
30162,COL,-2,3,1,0,1,pulling_team_scored,True
30163,COL,-3,3,1,0,1,pulling_team_scored,True
30164,COL,-3,3,1,0,1,pulling_team_scored,True
30165,COL,-2,3,1,0,1,pulling_team_scored,True
30171,VAN,-1,3,1,0,1,pulling_team_scored,True
30172,NSH,-2,3,1,0,1,pulling_team_scored,True
30174,NSH,-1,3,0,2,2,opponent_scored,True
30181,EDM,-2,3,1,0,1,pulling_team_scored,True
30211,BOS,-3,3,1,0,1,pulling_team_scored,True
30213,FLA,-2,3,2,0,2,pulling_team_scored,True
30225,CAR,-2,3,1,0,1,pulling_team_scored,True
30226,NYR,-1,3,1,0,1,pulling_team_scored,True
30232,DAL,-1,3,1,0,1,pulling_team_scored,True
30233,DAL,-1,3,2,0,2,pulling_team_scored,True
30234,DAL,-3,3,1,0,1,pulling_team_scored,True
30235,COL,-2,3,0,0,0,no_goal,True
30243,VAN,-2,3,0,1,1,opponent_scored,True
30311,FLA,-2,3,1,0,1,pulling_team_scored,True
30315,FLA,-1,3,1,1,2,both_scored,True
30322,DAL,-1,3,1,0,1,pulling_team_scored,True
30323,DAL,-1,3,1,0,1,pulling_team_scored,True
30324,EDM,-2,3,1,0,1,pulling_team_scored,True
30325,EDM,-2,3,0,0,0,no_goal,True
30411,FLA,-2,3,1,0,1,pulling_team_scored,True
30412,FLA,-2,3,1,0,1,pulling_team_scored,True
30413,FLA,-1,3,0,0,0,no_goal,True
30415,EDM,-1,3,1,0,1,pulling_team_scored,True
30416,EDM,-2,3,2,0,2,pulling_team_scored,True
30417,FLA,-1,3,0,0,0,no_goal,True
