game_id,date,team,period,pull_time,time_remaining_seconds,score_differential,home_score_at_pull,away_score_at_pull,goal_scored_after,goal_by_trailing_team,goal_by_opponent,time_to_goal_seconds,outcome,final_home_score,final_away_score,total_goals_added
2023020001,2023-10-10,NSH,3,19:58,62,2,5,3,True,False,True,0,opponent_scored,5,3,0
2023020002,2023-10-10,PIT,3,18:33,147,2,2,4,True,False,True,0,opponent_scored,2,4,0
2023020003,2023-10-10,SEA,3,18:45,135,3,4,1,True,False,True,0,opponent_scored,4,1,0
2023020006,2023-10-11,CHI,3,19:04,116,2,3,1,True,False,True,0,opponent_scored,3,1,0
2023020007,2023-10-11,WPG,3,19:53,67,2,5,3,True,False,True,0,opponent_scored,5,3,0
2023020008,2023-10-11,LAK,3,16:08,292,3,2,5,True,False,True,0,opponent_scored,2,5,0
2023020010,2023-10-12,BUF,3,18:31,149,4,1,5,True,False,True,0,opponent_scored,1,5,0
2023020011,2023-10-12,CBJ,3,18:31,149,2,1,3,True,False,True,0,opponent_scored,1,3,0
2023020012,2023-10-12,DET,3,18:29,151,2,4,2,True,False,True,0,opponent_scored,4,2,0
2023020015,2023-10-12,SEA,3,18:19,161,3,3,0,True,False,True,0,opponent_scored,3,0,0
2023020020,2023-10-14,FLA,3,18:50,130,2,6,4,True,False,True,0,opponent_scored,6,4,0
2023020023,2023-10-14,TBL,3,19:59,61,2,6,4,True,False,True,0,opponent_scored,6,4,0
2023020025,2023-10-14,CGY,3,19:38,82,3,5,2,True,False,True,0,opponent_scored,5,2,0
2023020031,2023-10-14,ANA,3,17:32,208,3,4,1,True,False,True,0,opponent_scored,4,1,0
2023020033,2023-10-15,TBL,3,17:17,223,3,5,2,True,False,True,0,opponent_scored,5,2,0
2023020034,2023-10-15,CAR,3,18:03,177,2,5,3,True,False,True,0,opponent_scored,5,3,0
2023020038,2023-10-16,TOR,3,19:54,66,3,1,4,True,False,True,0,opponent_scored,1,4,0
2023020046,2023-10-17,SEA,3,16:46,254,3,1,4,True,False,True,0,opponent_scored,1,4,0
2023020050,2023-10-18,PIT,3,18:28,152,2,5,3,True,False,True,0,opponent_scored,5,3,0
2023020052,2023-10-19,TOR,3,19:59,61,2,3,1,True,False,True,0,opponent_scored,3,1,0
2023020056,2023-10-19,MIN,3,17:41,199,3,3,6,True,False,True,0,opponent_scored,3,6,0
2023020058,2023-10-19,WPG,3,18:57,123,2,3,5,True,False,True,0,opponent_scored,3,5,0
2023020060,2023-10-19,CAR,3,16:51,249,3,7,4,True,False,True,0,opponent_scored,7,4,0
2023020063,2023-10-20,CGY,3,17:39,201,2,3,1,True,False,True,0,opponent_scored,3,1,0
2023020068,2023-10-21,FLA,3,17:50,190,2,3,5,True,False,True,0,opponent_scored,3,5,0
2023020081,2023-10-22,ANA,3,17:26,214,2,1,3,True,False,True,0,opponent_scored,1,3,0
2023020085,2023-10-24,OTT,3,19:37,83,2,4,6,True,False,True,0,opponent_scored,4,6,0
2023020087,2023-10-24,MTL,3,19:34,86,3,2,5,True,False,True,0,opponent_scored,2,5,0
2023020089,2023-10-24,SJS,3,19:58,62,2,3,1,True,False,True,0,opponent_scored,3,1,0
2023020090,2023-10-24,NYI,3,19:00,120,2,4,6,True,False,True,0,opponent_scored,4,6,0
2023020093,2023-10-24,STL,3,18:50,130,2,4,2,True,False,True,0,opponent_scored,4,2,0
2023020094,2023-10-24,EDM,3,16:37,263,3,7,4,True,False,True,0,opponent_scored,7,4,0
2023020097,2023-10-24,ARI,3,19:23,97,3,6,3,True,False,True,0,opponent_scored,6,3,0
2023020099,2023-10-25,NJD,3,18:25,155,2,4,6,True,False,True,0,opponent_scored,4,6,0
2023020102,2023-10-26,DET,3,18:58,122,3,1,4,True,False,True,0,opponent_scored,1,4,0
2023020108,2023-10-26,DAL,3,19:49,71,3,1,4,True,False,True,0,opponent_scored,1,4,0
2023020109,2023-10-26,CGY,3,17:53,187,3,0,3,True,False,True,0,opponent_scored,0,3,0
2023020119,2023-10-28,DET,3,17:41,199,3,4,1,True,False,True,0,opponent_scored,4,1,0
2023020126,2023-10-29,COL,3,16:52,248,4,4,0,True,False,True,0,opponent_scored,4,0,0
2023020128,2023-10-29,SJS,3,19:02,118,2,3,1,True,False,True,0,opponent_scored,3,1,0
2023020129,2023-10-29,CGY,3,19:13,107,3,5,2,True,False,True,0,opponent_scored,5,2,0
2023020136,2023-10-30,CBJ,3,16:21,279,3,5,2,True,False,True,0,opponent_scored,5,2,0
2023020140,2023-10-31,NSH,3,17:02,238,3,5,2,True,False,True,0,opponent_scored,5,2,0
2023020141,2023-11-01,PHI,3,16:52,248,3,2,5,True,False,True,0,opponent_scored,2,5,0
2023020146,2023-11-02,TBL,3,17:49,191,2,4,2,True,False,True,0,opponent_scored,4,2,0
2023020147,2023-11-02,DET,3,18:48,132,2,0,2,True,False,True,0,opponent_scored,0,2,0
2023020155,2023-11-02,WPG,3,17:08,232,3,5,2,True,False,True,0,opponent_scored,5,2,0
2023020158,2023-11-03,NJD,3,18:23,157,2,3,1,True,False,True,0,opponent_scored,3,1,0
2023020164,2023-11-04,MTL,3,16:00,300,4,6,2,True,False,True,0,opponent_scored,6,2,0
2023020165,2023-11-04,TOR,3,18:54,126,2,4,6,True,False,True,0,opponent_scored,4,6,0
2023020168,2023-11-04,FLA,3,19:50,70,3,5,2,True,False,True,0,opponent_scored,5,2,0
2023020170,2023-11-04,SEA,3,19:12,108,2,3,5,True,False,True,0,opponent_scored,3,5,0
2023020174,2023-11-05,CHI,3,19:59,61,2,2,4,True,False,True,0,opponent_scored,2,4,0
2023020175,2023-11-05,VGK,3,18:51,129,2,4,2,True,False,True,0,opponent_scored,4,2,0
2023020184,2023-11-07,STL,3,17:32,208,3,2,5,True,False,True,0,opponent_scored,2,5,0
2023020186,2023-11-07,NSH,3,18:21,159,2,4,2,True,False,True,0,opponent_scored,4,2,0
2023020187,2023-11-07,ANA,3,19:40,80,2,0,2,True,False,True,0,opponent_scored,0,2,0
2023020188,2023-11-07,NJD,3,18:33,147,3,6,3,True,False,True,0,opponent_scored,6,3,0
2023020192,2023-11-08,VGK,3,19:48,72,3,1,4,True,False,True,0,opponent_scored,1,4,0
2023020193,2023-11-09,NYI,3,18:39,141,3,5,2,True,False,True,0,opponent_scored,5,2,0
2023020194,2023-11-09,CBJ,3,17:04,236,3,2,5,True,False,True,0,opponent_scored,2,5,0
2023020196,2023-11-09,MIN,3,18:39,141,3,4,1,True,False,True,0,opponent_scored,4,1,0
2023020200,2023-11-09,NSH,3,16:44,256,3,6,3,True,False,True,0,opponent_scored,6,3,0
2023020205,2023-11-10,CAR,3,16:18,282,3,5,2,True,False,True,0,opponent_scored,5,2,0
2023020206,2023-11-10,NJD,3,18:09,171,2,2,4,True,False,True,0,opponent_scored,2,4,0
2023020208,2023-11-10,ANA,3,18:59,121,3,3,6,True,False,True,0,opponent_scored,3,6,0
2023020216,2023-11-11,NYI,3,19:57,63,3,1,4,True,False,True,0,opponent_scored,1,4,0
2023020217,2023-11-11,BUF,3,18:11,169,4,4,0,True,False,True,0,opponent_scored,4,0,0
2023020218,2023-11-11,NSH,3,18:33,147,2,5,7,True,False,True,0,opponent_scored,5,7,0
2023020224,2023-11-12,MTL,3,18:30,150,3,1,4,True,False,True,0,opponent_scored,1,4,0
2023020227,2023-11-13,NYI,3,17:33,207,3,4,1,True,False,True,0,opponent_scored,4,1,0
2023020230,2023-11-14,CBJ,3,19:23,97,2,3,5,True,False,True,0,opponent_scored,3,5,0
2023020232,2023-11-14,VGK,3,19:11,109,2,2,0,True,False,True,0,opponent_scored,2,0,0
2023020235,2023-11-14,TBL,3,16:02,298,4,4,0,True,False,True,0,opponent_scored,4,0,0
2023020236,2023-11-14,NJD,3,18:30,150,3,6,3,True,False,True,0,opponent_scored,6,3,0
2023020237,2023-11-14,SJS,3,17:47,193,2,3,5,True,False,True,0,opponent_scored,3,5,0
2023020246,2023-11-16,CHI,3,19:11,109,2,2,4,True,False,True,0,opponent_scored,2,4,0
2023020247,2023-11-16,VAN,3,18:08,172,3,5,2,True,False,True,0,opponent_scored,5,2,0
2023020256,2023-11-18,CHI,3,19:48,72,2,4,2,True,False,True,0,opponent_scored,4,2,0
2023020257,2023-11-18,EDM,3,19:05,115,2,6,4,True,False,True,0,opponent_scored,6,4,0
2023020259,2023-11-18,PIT,3,19:22,98,2,4,2,True,False,True,0,opponent_scored,4,2,0
2023020261,2023-11-18,NJD,3,18:27,153,2,3,5,True,False,True,0,opponent_scored,3,5,0
2023020262,2023-11-18,ARI,3,17:30,210,3,5,2,True,False,True,0,opponent_scored,5,2,0
2023020264,2023-11-18,DAL,3,19:30,90,3,3,6,True,False,True,0,opponent_scored,3,6,0
2023020268,2023-11-19,CBJ,3,17:34,206,3,5,2,True,False,True,0,opponent_scored,5,2,0
2023020269,2023-11-19,VGK,3,18:42,138,3,3,0,True,False,True,0,opponent_scored,3,0,0
2023020272,2023-11-20,EDM,3,19:17,103,2,5,3,True,False,True,0,opponent_scored,5,3,0
2023020274,2023-11-20,NYR,3,16:30,270,3,5,2,True,False,True,0,opponent_scored,5,2,0
2023020279,2023-11-22,EDM,3,18:56,124,3,6,3,True,False,True,0,opponent_scored,6,3,0
2023020291,2023-11-22,VAN,3,16:38,262,3,5,2,True,False,True,0,opponent_scored,5,2,0
2023020293,2023-11-24,BOS,3,18:15,165,3,2,5,True,False,True,0,opponent_scored,2,5,0
2023020304,2023-11-24,FLA,3,16:11,289,3,0,3,True,False,True,0,opponent_scored,0,3,0
2023020305,2023-11-24,DAL,3,18:21,159,3,4,7,True,False,True,0,opponent_scored,4,7,0
2023020315,2023-11-25,VGK,3,18:43,137,2,0,2,True,False,True,0,opponent_scored,0,2,0
2023020316,2023-11-26,MIN,3,19:37,83,3,4,1,True,False,True,0,opponent_scored,4,1,0
2023020321,2023-11-27,BOS,3,13:41,439,4,5,1,True,False,True,0,opponent_scored,5,1,0
2023020322,2023-11-27,NYR,3,18:29,151,3,1,4,True,False,True,0,opponent_scored,1,4,0
2023020324,2023-11-27,TBL,3,16:46,254,3,4,1,True,False,True,0,opponent_scored,4,1,0
2023020328,2023-11-28,PHI,3,17:16,224,3,1,4,True,False,True,0,opponent_scored,1,4,0
2023020336,2023-11-28,ANA,3,19:12,108,2,3,1,True,False,True,0,opponent_scored,3,1,0
2023020337,2023-11-29,CBJ,3,19:03,117,2,2,4,True,False,True,0,opponent_scored,2,4,0
2023020345,2023-11-30,TBL,3,18:52,128,2,2,4,True,False,True,0,opponent_scored,2,4,0
2023020349,2023-11-30,WPG,3,19:40,80,2,1,3,True,False,True,0,opponent_scored,1,3,0
2023020355,2023-12-01,NJD,3,19:42,78,3,3,6,True,False,True,0,opponent_scored,3,6,0
2023020365,2023-12-02,STL,3,18:45,135,3,4,1,True,False,True,0,opponent_scored,4,1,0
2023020367,2023-12-02,CGY,3,18:40,140,2,2,4,True,False,True,0,opponent_scored,2,4,0
2023020368,2023-12-02,WSH,3,18:03,177,3,4,1,True,False,True,0,opponent_scored,4,1,0
2023020373,2023-12-03,COL,3,18:53,127,3,4,1,True,False,True,0,opponent_scored,4,1,0
2023020376,2023-12-04,SEA,3,19:28,92,2,4,2,True,False,True,0,opponent_scored,4,2,0
2023020380,2023-12-05,BUF,3,19:14,106,2,3,5,True,False,True,0,opponent_scored,3,5,0
2023020382,2023-12-05,NYR,3,17:10,230,4,6,2,True,False,True,0,opponent_scored,6,2,0
2023020390,2023-12-06,STL,3,19:48,72,3,3,6,True,False,True,0,opponent_scored,3,6,0
2023020398,2023-12-07,TBL,3,13:13,467,4,5,1,True,False,True,0,opponent_scored,5,1,0
2023020402,2023-12-07,COL,3,19:23,97,2,2,4,True,False,True,0,opponent_scored,2,4,0
2023020405,2023-12-08,STL,3,19:56,64,3,5,2,True,False,True,0,opponent_scored,5,2,0
2023020406,2023-12-08,PIT,3,19:33,87,2,3,1,True,False,True,0,opponent_scored,3,1,0
2023020409,2023-12-09,CGY,3,19:22,98,2,2,4,True,False,True,0,opponent_scored,2,4,0
2023020412,2023-12-09,DET,3,16:35,265,4,1,5,True,False,True,0,opponent_scored,1,5,0
2023020413,2023-12-09,NSH,3,18:29,151,4,4,0,True,False,True,0,opponent_scored,4,0,0
2023020420,2023-12-10,CBJ,3,18:05,175,2,2,4,True,False,True,0,opponent_scored,2,4,0
2023020421,2023-12-10,NJD,3,16:52,248,3,4,1,True,False,True,0,opponent_scored,4,1,0
2023020425,2023-12-10,ANA,3,19:31,89,2,2,4,True,False,True,0,opponent_scored,2,4,0
2023020426,2023-12-10,SEA,3,19:56,64,3,0,3,True,False,True,0,opponent_scored,0,3,0
2023020428,2023-12-11,ARI,3,18:55,125,3,5,2,True,False,True,0,opponent_scored,5,2,0
2023020430,2023-12-11,DET,3,19:18,102,3,6,3,True,False,True,0,opponent_scored,6,3,0
2023020432,2023-12-12,NYR,3,18:33,147,4,3,7,True,False,True,0,opponent_scored,3,7,0
2023020434,2023-12-12,ARI,3,18:37,143,2,4,2,True,False,True,0,opponent_scored,4,2,0
2023020436,2023-12-12,STL,3,18:21,159,2,4,6,True,False,True,0,opponent_scored,4,6,0
2023020438,2023-12-12,FLA,3,16:09,291,4,4,0,True,False,True,0,opponent_scored,4,0,0
2023020439,2023-12-12,TBL,3,18:42,138,3,4,1,True,False,True,0,opponent_scored,4,1,0
2023020446,2023-12-13,LAK,3,19:58,62,3,2,5,True,False,True,0,opponent_scored,2,5,0
2023020452,2023-12-14,EDM,3,18:27,153,2,4,6,True,False,True,0,opponent_scored,4,6,0
2023020460,2023-12-15,VGK,3,17:19,221,3,2,5,True,False,True,0,opponent_scored,2,5,0
2023020463,2023-12-16,CBJ,3,19:12,108,3,3,6,True,False,True,0,opponent_scored,3,6,0
2023020464,2023-12-16,NYI,3,19:40,80,2,5,3,True,False,True,0,opponent_scored,5,3,0
2023020467,2023-12-16,COL,3,17:57,183,4,6,2,True,False,True,0,opponent_scored,6,2,0
2023020476,2023-12-17,NJD,3,14:12,408,4,1,5,True,False,True,0,opponent_scored,1,5,0
2023020477,2023-12-17,SJS,3,15:11,349,4,6,2,True,False,True,0,opponent_scored,6,2,0
2023020483,2023-12-18,FLA,3,18:27,153,2,3,1,True,False,True,0,opponent_scored,3,1,0
2023020489,2023-12-19,TOR,3,16:47,253,3,2,5,True,False,True,0,opponent_scored,2,5,0
2023020494,2023-12-19,SJS,3,18:12,168,4,0,4,True,False,True,0,opponent_scored,0,4,0
2023020500,2023-12-21,FLA,3,16:51,249,3,1,4,True,False,True,0,opponent_scored,1,4,0
2023020502,2023-12-21,PHI,3,19:59,61,2,2,4,True,False,True,0,opponent_scored,2,4,0
2023020507,2023-12-21,OTT,3,19:37,83,2,6,4,True,False,True,0,opponent_scored,6,4,0
2023020508,2023-12-21,ANA,3,18:00,180,3,0,3,True,False,True,0,opponent_scored,0,3,0
2023020513,2023-12-22,CHI,3,18:04,176,3,2,5,True,False,True,0,opponent_scored,2,5,0
2023020524,2023-12-23,CHI,3,18:59,121,2,7,5,True,False,True,0,opponent_scored,7,5,0
2023020526,2023-12-23,CGY,3,19:00,120,2,5,3,True,False,True,0,opponent_scored,5,3,0
2023020527,2023-12-23,SJS,3,19:47,73,3,7,4,True,False,True,0,opponent_scored,7,4,0
2023020531,2023-12-27,TOR,3,17:33,207,2,2,4,True,False,True,0,opponent_scored,2,4,0
2023020542,2023-12-28,MTL,3,19:41,79,2,5,3,True,False,True,0,opponent_scored,5,3,0
2023020558,2023-12-30,MTL,3,17:13,227,3,4,1,True,False,True,0,opponent_scored,4,1,0
2023020559,2023-12-30,STL,3,18:29,151,2,4,2,True,False,True,0,opponent_scored,4,2,0
2023020561,2023-12-30,TOR,3,19:05,115,2,1,3,True,False,True,0,opponent_scored,1,3,0
2023020565,2023-12-31,DET,3,17:59,181,2,2,4,True,False,True,0,opponent_scored,2,4,0
2023020566,2023-12-31,BUF,3,15:16,344,4,5,1,True,False,True,0,opponent_scored,5,1,0
2023020567,2023-12-31,NYI,3,19:17,103,2,3,1,True,False,True,0,opponent_scored,3,1,0
2023020570,2023-12-31,PHI,3,17:42,198,2,4,2,True,False,True,0,opponent_scored,4,2,0
2023020571,2023-12-31,SJS,3,18:53,127,2,3,1,True,False,True,0,opponent_scored,3,1,0
2023020578,2024-01-02,MIN,3,19:03,117,2,1,3,True,False,True,0,opponent_scored,1,3,0
2023020579,2024-01-02,CHI,3,19:27,93,3,3,0,True,False,True,0,opponent_scored,3,0,0
2023020580,2024-01-02,TBL,3,17:53,187,3,4,1,True,False,True,0,opponent_scored,4,1,0
2023020581,2024-01-02,ARI,3,17:39,201,3,1,4,True,False,True,0,opponent_scored,1,4,0
2023020585,2024-01-02,LAK,3,19:00,120,3,0,3,True,False,True,0,opponent_scored,0,3,0
2023020586,2024-01-02,SJS,3,19:54,66,2,3,5,True,False,True,0,opponent_scored,3,5,0
2023020590,2024-01-04,MTL,3,14:31,389,4,1,5,True,False,True,0,opponent_scored,1,5,0
2023020594,2024-01-04,MIN,3,19:19,101,3,1,4,True,False,True,0,opponent_scored,1,4,0
2023020598,2024-01-04,OTT,3,17:47,193,3,4,1,True,False,True,0,opponent_scored,4,1,0
2023020602,2024-01-05,CHI,3,19:33,87,2,4,2,True,False,True,0,opponent_scored,4,2,0
2023020603,2024-01-05,WSH,3,18:11,169,3,2,5,True,False,True,0,opponent_scored,2,5,0
2023020606,2024-01-06,COL,3,16:54,246,4,4,8,True,False,True,0,opponent_scored,4,8,0
2023020607,2024-01-06,TBL,3,16:34,266,3,6,3,True,False,True,0,opponent_scored,6,3,0
2023020611,2024-01-06,NJD,3,18:49,131,2,4,6,True,False,True,0,opponent_scored,4,6,0
2023020619,2024-01-07,ARI,3,18:08,172,3,2,5,True,False,True,0,opponent_scored,2,5,0
2023020621,2024-01-08,NYR,3,18:29,151,3,3,6,True,False,True,0,opponent_scored,3,6,0
2023020628,2024-01-09,NYI,3,18:32,148,3,2,5,True,False,True,0,opponent_scored,2,5,0
2023020630,2024-01-09,STL,3,19:03,117,4,1,5,True,False,True,0,opponent_scored,1,5,0
2023020634,2024-01-09,OTT,3,17:12,228,3,6,3,True,False,True,0,opponent_scored,6,3,0
2023020638,2024-01-11,OTT,3,19:57,63,2,5,3,True,False,True,0,opponent_scored,5,3,0
2023020647,2024-01-11,NYR,3,19:42,78,3,5,2,True,False,True,0,opponent_scored,5,2,0
2023020651,2024-01-12,DAL,3,17:27,213,2,3,5,True,False,True,0,opponent_scored,3,5,0
2023020656,2024-01-13,FLA,3,19:41,79,3,1,4,True,False,True,0,opponent_scored,1,4,0
2023020658,2024-01-13,CBJ,3,18:55,125,3,4,7,True,False,True,0,opponent_scored,4,7,0
2023020662,2024-01-13,TOR,3,19:53,67,2,3,5,True,False,True,0,opponent_scored,3,5,0
2023020664,2024-01-13,CHI,3,19:37,83,2,1,3,True,False,True,0,opponent_scored,1,3,0
2023020666,2024-01-13,NYI,3,19:59,61,2,3,1,True,False,True,0,opponent_scored,3,1,0
2023020670,2024-01-14,TOR,3,19:41,79,2,2,4,True,False,True,0,opponent_scored,2,4,0
2023020671,2024-01-15,NJD,3,18:42,138,3,3,0,True,False,True,0,opponent_scored,3,0,0
2023020672,2024-01-15,SJS,3,16:34,266,3,3,0,True,False,True,0,opponent_scored,3,0,0
2023020675,2024-01-15,CAR,3,18:44,136,3,2,5,True,False,True,0,opponent_scored,2,5,0
2023020677,2024-01-15,SEA,3,17:39,201,3,3,0,True,False,True,0,opponent_scored,3,0,0
2023020679,2024-01-15,STL,3,19:06,114,2,2,4,True,False,True,0,opponent_scored,2,4,0
2023020680,2024-01-15,NSH,3,19:41,79,3,4,1,True,False,True,0,opponent_scored,4,1,0
2023020681,2024-01-16,SEA,3,17:22,218,3,5,2,True,False,True,0,opponent_scored,5,2,0
2023020682,2024-01-16,OTT,3,15:16,344,3,4,7,True,False,True,0,opponent_scored,4,7,0
2023020683,2024-01-16,ANA,3,19:02,118,2,2,0,True,False,True,0,opponent_scored,2,0,0
2023020685,2024-01-16,NYI,3,18:38,142,2,4,2,True,False,True,0,opponent_scored,4,2,0
2023020688,2024-01-16,TOR,3,18:27,153,2,4,2,True,False,True,0,opponent_scored,4,2,0
2023020692,2024-01-18,COL,3,19:38,82,3,5,2,True,False,True,0,opponent_scored,5,2,0
2023020693,2024-01-18,MTL,3,12:26,514,5,6,1,True,False,True,0,opponent_scored,6,1,0
2023020696,2024-01-18,STL,3,19:40,80,3,5,2,True,False,True,0,opponent_scored,5,2,0
2023020701,2024-01-18,NYR,3,18:32,148,4,5,1,True,False,True,0,opponent_scored,5,1,0
2023020702,2024-01-19,DET,3,18:44,136,2,4,2,True,False,True,0,opponent_scored,4,2,0
2023020704,2024-01-19,FLA,3,19:48,72,2,4,6,True,False,True,0,opponent_scored,4,6,0
2023020706,2024-01-20,BUF,3,18:44,136,2,1,3,True,False,True,0,opponent_scored,1,3,0
2023020707,2024-01-20,PHI,3,19:39,81,3,4,7,True,False,True,0,opponent_scored,4,7,0
2023020714,2024-01-20,CGY,3,19:25,95,2,1,3,True,False,True,0,opponent_scored,1,3,0
2023020715,2024-01-20,ANA,3,19:53,67,2,5,3,True,False,True,0,opponent_scored,5,3,0
2023020718,2024-01-21,PHI,3,18:37,143,2,3,5,True,False,True,0,opponent_scored,3,5,0
2023020719,2024-01-21,CAR,3,17:59,181,2,2,4,True,False,True,0,opponent_scored,2,4,0
2023020722,2024-01-21,ANA,3,19:24,96,3,2,5,True,False,True,0,opponent_scored,2,5,0
2023020723,2024-01-21,SEA,3,19:39,81,2,1,3,True,False,True,0,opponent_scored,1,3,0
2023020724,2024-01-22,WPG,3,19:05,115,3,4,1,True,False,True,0,opponent_scored,4,1,0
2023020726,2024-01-22,NSH,3,18:21,159,2,1,3,True,False,True,0,opponent_scored,1,3,0
2023020727,2024-01-22,PIT,3,04:10,1010,2,4,2,True,False,True,0,opponent_scored,4,2,0
2023020731,2024-01-23,MTL,3,17:33,207,3,1,4,True,False,True,0,opponent_scored,1,4,0
2023020732,2024-01-23,PHI,3,19:00,120,2,3,5,True,False,True,0,opponent_scored,3,5,0
2023020737,2024-01-23,BUF,3,18:51,129,2,4,2,True,False,True,0,opponent_scored,4,2,0
2023020753,2024-01-25,CGY,3,18:18,162,3,2,5,True,False,True,0,opponent_scored,2,5,0
2023020754,2024-01-25,CHI,3,18:45,135,3,3,0,True,False,True,0,opponent_scored,3,0,0
2023020755,2024-01-26,NYR,3,19:31,89,3,2,5,True,False,True,0,opponent_scored,2,5,0
2023020761,2024-01-27,NSH,3,16:41,259,3,4,1,True,False,True,0,opponent_scored,4,1,0
2023020762,2024-01-27,SJS,3,15:44,316,3,2,5,True,False,True,0,opponent_scored,2,5,0
2023020764,2024-01-27,VGK,3,18:30,150,3,5,2,True,False,True,0,opponent_scored,5,2,0
2023020765,2024-01-27,OTT,3,17:17,223,4,2,6,True,False,True,0,opponent_scored,2,6,0
2023020767,2024-01-27,NJD,3,18:21,159,2,5,3,True,False,True,0,opponent_scored,5,3,0
2023020768,2024-01-27,WPG,3,18:22,158,3,1,4,True,False,True,0,opponent_scored,1,4,0
2023020774,2024-01-28,CBJ,3,19:47,73,2,4,2,True,False,True,0,opponent_scored,4,2,0
2023020777,2024-01-30,SEA,3,19:39,81,2,2,0,True,False,True,0,opponent_scored,2,0,0
2023020779,2024-01-31,NSH,3,18:51,129,2,2,4,True,False,True,0,opponent_scored,2,4,0
2023020787,2024-02-06,COL,3,19:58,62,2,5,3,True,False,True,0,opponent_scored,5,3,0
2023020790,2024-02-06,EDM,3,19:27,93,2,3,1,True,False,True,0,opponent_scored,3,1,0
2023020791,2024-02-07,TBL,3,18:59,121,2,3,1,True,False,True,0,opponent_scored,3,1,0
2023020795,2024-02-08,WSH,3,19:06,114,2,4,2,True,False,True,0,opponent_scored,4,2,0
2023020796,2024-02-08,NJD,3,18:26,154,2,3,5,True,False,True,0,opponent_scored,3,5,0
2023020799,2024-02-08,COL,3,19:06,114,3,5,2,True,False,True,0,opponent_scored,5,2,0
2023020803,2024-02-09,ANA,3,18:50,130,2,3,5,True,False,True,0,opponent_scored,3,5,0
2023020807,2024-02-10,NYI,3,15:59,301,3,1,4,True,False,True,0,opponent_scored,1,4,0
2023020808,2024-02-10,BOS,3,19:33,87,3,0,3,True,False,True,0,opponent_scored,0,3,0
2023020811,2024-02-10,CBJ,3,19:12,108,2,2,4,True,False,True,0,opponent_scored,2,4,0
2023020812,2024-02-10,TOR,3,19:54,66,2,5,3,True,False,True,0,opponent_scored,5,3,0
2023020816,2024-02-10,EDM,3,17:18,222,4,4,0,True,False,True,0,opponent_scored,4,0,0
2023020820,2024-02-12,CGY,3,19:41,79,2,2,0,True,False,True,0,opponent_scored,2,0,0
2023020821,2024-02-12,ARI,3,18:39,141,2,5,3,True,False,True,0,opponent_scored,5,3,0
2023020822,2024-02-12,VGK,3,19:38,82,2,3,5,True,False,True,0,opponent_scored,3,5,0
2023020826,2024-02-13,CBJ,3,19:52,68,3,6,3,True,False,True,0,opponent_scored,6,3,0
2023020827,2024-02-13,STL,3,18:21,159,3,4,1,True,False,True,0,opponent_scored,4,1,0
2023020828,2024-02-13,WSH,3,19:01,119,2,3,5,True,False,True,0,opponent_scored,3,5,0
2023020830,2024-02-13,CAR,3,17:35,205,2,4,2,True,False,True,0,opponent_scored,4,2,0
2023020831,2024-02-13,NSH,3,19:21,99,2,2,4,True,False,True,0,opponent_scored,2,4,0
2023020837,2024-02-15,BOS,3,19:41,79,3,1,4,True,False,True,0,opponent_scored,1,4,0
2023020838,2024-02-15,BUF,3,18:27,153,3,0,3,True,False,True,0,opponent_scored,0,3,0
2023020842,2024-02-15,COL,3,19:28,92,2,5,3,True,False,True,0,opponent_scored,5,3,0
2023020844,2024-02-15,EDM,3,17:07,233,3,6,3,True,False,True,0,opponent_scored,6,3,0
2023020845,2024-02-15,CHI,3,19:10,110,3,1,4,True,False,True,0,opponent_scored,1,4,0
2023020855,2024-02-17,STL,3,18:28,152,3,2,5,True,False,True,0,opponent_scored,2,5,0
2023020859,2024-02-17,PHI,3,18:15,165,3,6,3,True,False,True,0,opponent_scored,6,3,0
2023020868,2024-02-19,STL,3,19:22,98,2,2,4,True,False,True,0,opponent_scored,2,4,0
2023020869,2024-02-19,VAN,3,18:53,127,2,9,7,True,False,True,0,opponent_scored,9,7,0
2023020871,2024-02-19,ARI,3,18:51,129,3,3,6,True,False,True,0,opponent_scored,3,6,0
2023020872,2024-02-19,WPG,3,18:03,177,3,6,3,True,False,True,0,opponent_scored,6,3,0
2023020874,2024-02-19,CHI,3,18:11,169,3,6,3,True,False,True,0,opponent_scored,6,3,0
2023020877,2024-02-20,DAL,3,18:19,161,2,3,1,True,False,True,0,opponent_scored,3,1,0
2023020880,2024-02-20,MIN,3,17:02,238,3,6,3,True,False,True,0,opponent_scored,6,3,0
2023020881,2024-02-20,VAN,3,19:32,88,2,3,1,True,False,True,0,opponent_scored,3,1,0
2023020882,2024-02-20,VGK,3,18:11,169,2,3,5,True,False,True,0,opponent_scored,3,5,0
2023020886,2024-02-21,ANA,3,19:27,93,3,4,7,True,False,True,0,opponent_scored,4,7,0
2023020893,2024-02-22,MTL,3,18:35,145,3,4,1,True,False,True,0,opponent_scored,4,1,0
2023020894,2024-02-22,TBL,3,18:58,122,2,3,5,True,False,True,0,opponent_scored,3,5,0
2023020895,2024-02-22,NYI,3,09:21,699,4,4,0,True,False,True,0,opponent_scored,4,0,0
2023020897,2024-02-22,VAN,3,17:51,189,3,5,2,True,False,True,0,opponent_scored,5,2,0
2023020899,2024-02-22,LAK,3,17:00,240,2,1,3,True,False,True,0,opponent_scored,1,3,0
2023020902,2024-02-23,EDM,3,18:33,147,2,2,4,True,False,True,0,opponent_scored,2,4,0
2023020904,2024-02-24,NYI,3,19:29,91,2,2,4,True,False,True,0,opponent_scored,2,4,0
2023020912,2024-02-24,EDM,3,12:51,489,4,2,6,True,False,True,0,opponent_scored,2,6,0
2023020914,2024-02-24,SJS,3,19:48,72,2,2,4,True,False,True,0,opponent_scored,2,4,0
2023020916,2024-02-25,NJD,3,18:25,155,3,1,4,True,False,True,0,opponent_scored,1,4,0
2023020922,2024-02-25,ANA,3,17:58,182,2,2,4,True,False,True,0,opponent_scored,2,4,0
2023020929,2024-02-27,ARI,3,19:57,63,2,4,2,True,False,True,0,opponent_scored,4,2,0
2023020930,2024-02-27,TBL,3,15:22,338,3,5,2,True,False,True,0,opponent_scored,5,2,0
2023020931,2024-02-27,TOR,3,18:23,157,3,2,5,True,False,True,0,opponent_scored,2,5,0
2023020935,2024-02-27,LAK,3,18:46,134,2,4,2,True,False,True,0,opponent_scored,4,2,0
2023020939,2024-02-28,CBJ,3,19:07,113,2,3,1,True,False,True,0,opponent_scored,3,1,0
2023020942,2024-02-29,CBJ,3,19:45,75,2,2,4,True,False,True,0,opponent_scored,2,4,0
2023020943,2024-02-29,DET,3,19:24,96,2,3,5,True,False,True,0,opponent_scored,3,5,0
2023020946,2024-02-29,ARI,3,19:00,120,2,4,2,True,False,True,0,opponent_scored,4,2,0
2023020947,2024-02-29,WPG,3,18:50,130,3,4,1,True,False,True,0,opponent_scored,4,1,0
2023020952,2024-02-29,SJS,3,19:36,84,2,4,6,True,False,True,0,opponent_scored,4,6,0
2023020953,2024-03-01,OTT,3,18:45,135,2,3,5,True,False,True,0,opponent_scored,3,5,0
2023020956,2024-03-02,CAR,3,19:49,71,2,3,5,True,False,True,0,opponent_scored,3,5,0
2023020959,2024-03-02,COL,3,19:07,113,4,5,1,True,False,True,0,opponent_scored,5,1,0
2023020962,2024-03-02,OTT,3,19:59,61,2,4,2,True,False,True,0,opponent_scored,4,2,0
2023020965,2024-03-02,CHI,3,17:35,205,3,2,5,True,False,True,0,opponent_scored,2,5,0
2023020967,2024-03-02,MIN,3,19:11,109,2,3,1,True,False,True,0,opponent_scored,3,1,0
2023020969,2024-03-03,WSH,3,19:39,81,3,2,5,True,False,True,0,opponent_scored,2,5,0
2023020970,2024-03-03,NJD,3,17:47,193,4,5,1,True,False,True,0,opponent_scored,5,1,0
2023020971,2024-03-03,BUF,3,18:39,141,2,2,4,True,False,True,0,opponent_scored,2,4,0
2023020975,2024-03-04,VGK,3,18:49,131,3,6,3,True,False,True,0,opponent_scored,6,3,0
2023020976,2024-03-04,NYR,3,19:01,119,2,2,4,True,False,True,0,opponent_scored,2,4,0
2023020982,2024-03-05,NJD,3,19:52,68,2,3,5,True,False,True,0,opponent_scored,3,5,0
2023020984,2024-03-05,STL,3,19:29,91,2,4,2,True,False,True,0,opponent_scored,4,2,0
2023020987,2024-03-05,ARI,3,19:32,88,3,2,5,True,False,True,0,opponent_scored,2,5,0
2023020994,2024-03-07,MTL,3,18:57,123,3,4,1,True,False,True,0,opponent_scored,4,1,0
2023020995,2024-03-07,EDM,3,19:40,80,2,4,2,True,False,True,0,opponent_scored,4,2,0
2023020997,2024-03-07,STL,3,19:01,119,3,4,1,True,False,True,0,opponent_scored,4,1,0
2023020999,2024-03-07,TBL,3,12:17,523,4,2,6,True,False,True,0,opponent_scored,2,6,0
2023021001,2024-03-07,ARI,3,18:48,132,2,2,4,True,False,True,0,opponent_scored,2,4,0
2023021008,2024-03-08,SEA,3,19:10,110,3,0,3,True,False,True,0,opponent_scored,0,3,0
2023021011,2024-03-09,NJD,3,18:49,131,2,1,3,True,False,True,0,opponent_scored,1,3,0
2023021020,2024-03-09,DET,3,18:53,127,2,5,3,True,False,True,0,opponent_scored,5,3,0
2023021021,2024-03-09,LAK,3,16:20,280,3,1,4,True,False,True,0,opponent_scored,1,4,0
2023021025,2024-03-10,ARI,3,17:24,216,3,7,4,True,False,True,0,opponent_scored,7,4,0
2023021027,2024-03-11,BOS,3,11:27,573,4,1,5,True,False,True,0,opponent_scored,1,5,0
2023021028,2024-03-11,NJD,3,18:47,133,2,3,1,True,False,True,0,opponent_scored,3,1,0
2023021030,2024-03-11,NYI,3,17:38,202,3,3,0,True,False,True,0,opponent_scored,3,0,0
2023021037,2024-03-12,ARI,3,17:28,212,2,3,1,True,False,True,0,opponent_scored,3,1,0
2023021045,2024-03-14,NYI,3,15:06,354,4,4,0,True,False,True,0,opponent_scored,4,0,0
2023021046,2024-03-14,FLA,3,15:42,318,4,4,0,True,False,True,0,opponent_scored,4,0,0
2023021048,2024-03-14,DET,3,16:56,244,3,1,4,True,False,True,0,opponent_scored,1,4,0
2023021051,2024-03-14,SJS,3,18:04,176,3,6,3,True,False,True,0,opponent_scored,6,3,0
2023021052,2024-03-14,NYR,3,16:22,278,3,6,3,True,False,True,0,opponent_scored,6,3,0
2023021055,2024-03-14,VGK,3,17:02,238,3,4,1,True,False,True,0,opponent_scored,4,1,0
2023021059,2024-03-16,BUF,3,18:53,127,3,4,1,True,False,True,0,opponent_scored,4,1,0
2023021061,2024-03-16,PIT,3,19:42,78,3,4,7,True,False,True,0,opponent_scored,4,7,0
2023021062,2024-03-16,NJD,3,18:29,151,3,4,1,True,False,True,0,opponent_scored,4,1,0
2023021063,2024-03-16,FLA,3,18:28,152,2,3,5,True,False,True,0,opponent_scored,3,5,0
2023021065,2024-03-16,SJS,3,18:55,125,2,4,2,True,False,True,0,opponent_scored,4,2,0
2023021071,2024-03-16,SEA,3,18:40,140,3,1,4,True,False,True,0,opponent_scored,1,4,0
2023021074,2024-03-17,NJD,3,19:41,79,2,3,1,True,False,True,0,opponent_scored,3,1,0
2023021076,2024-03-17,SJS,3,19:59,61,3,5,2,True,False,True,0,opponent_scored,5,2,0
2023021078,2024-03-17,DET,3,19:34,86,3,6,3,True,False,True,0,opponent_scored,6,3,0
2023021080,2024-03-18,CGY,3,17:31,209,3,2,5,True,False,True,0,opponent_scored,2,5,0
2023021085,2024-03-19,NYR,3,19:51,69,2,2,4,True,False,True,0,opponent_scored,2,4,0
2023021087,2024-03-19,NYI,3,16:22,278,3,1,4,True,False,True,0,opponent_scored,1,4,0
2023021093,2024-03-19,BUF,3,18:09,171,2,3,1,True,False,True,0,opponent_scored,3,1,0
2023021094,2024-03-19,VGK,3,18:51,129,2,3,5,True,False,True,0,opponent_scored,3,5,0
2023021098,2024-03-21,BOS,3,17:57,183,2,2,4,True,False,True,0,opponent_scored,2,4,0
2023021100,2024-03-21,NYI,3,16:15,285,3,6,3,True,False,True,0,opponent_scored,6,3,0
2023021102,2024-03-21,WPG,3,19:11,109,3,4,1,True,False,True,0,opponent_scored,4,1,0
2023021103,2024-03-21,OTT,3,18:32,148,3,2,5,True,False,True,0,opponent_scored,2,5,0
2023021107,2024-03-21,SEA,3,19:48,72,2,3,1,True,False,True,0,opponent_scored,3,1,0
2023021118,2024-03-23,EDM,3,19:47,73,3,6,3,True,False,True,0,opponent_scored,6,3,0
2023021120,2024-03-23,CGY,3,18:50,130,3,4,1,True,False,True,0,opponent_scored,4,1,0
2023021126,2024-03-24,NYI,3,15:53,307,4,0,4,True,False,True,0,opponent_scored,0,4,0
2023021128,2024-03-24,EDM,3,19:22,98,2,5,3,True,False,True,0,opponent_scored,5,3,0
2023021129,2024-03-24,PHI,3,18:48,132,3,1,4,True,False,True,0,opponent_scored,1,4,0
2023021130,2024-03-24,ARI,3,18:30,150,2,2,4,True,False,True,0,opponent_scored,2,4,0
2023021132,2024-03-24,CGY,3,19:15,105,2,1,3,True,False,True,0,opponent_scored,1,3,0
2023021138,2024-03-26,CAR,3,18:04,176,2,3,1,True,False,True,0,opponent_scored,3,1,0
2023021139,2024-03-26,TOR,3,18:51,129,3,3,6,True,False,True,0,opponent_scored,3,6,0
2023021148,2024-03-27,BUF,3,16:43,257,4,2,6,True,False,True,0,opponent_scored,2,6,0
2023021149,2024-03-27,BOS,3,19:33,87,2,3,1,True,False,True,0,opponent_scored,3,1,0
2023021152,2024-03-28,PHI,3,17:05,235,3,3,0,True,False,True,0,opponent_scored,3,0,0
2023021156,2024-03-28,SJS,3,19:06,114,2,3,1,True,False,True,0,opponent_scored,3,1,0
2023021157,2024-03-28,CGY,3,18:45,135,2,5,3,True,False,True,0,opponent_scored,5,3,0
2023021158,2024-03-28,WPG,3,18:15,165,2,1,3,True,False,True,0,opponent_scored,1,3,0
2023021160,2024-03-28,LAK,3,19:19,101,3,4,1,True,False,True,0,opponent_scored,4,1,0
2023021161,2024-03-28,NSH,3,13:57,423,4,7,3,True,False,True,0,opponent_scored,7,3,0
2023021163,2024-03-28,VAN,3,17:57,183,2,1,3,True,False,True,0,opponent_scored,1,3,0
2023021164,2024-03-29,NJD,3,19:22,98,2,4,2,True,False,True,0,opponent_scored,4,2,0
2023021166,2024-03-30,MIN,4,03:30,1050,1,1,2,True,False,True,0,opponent_scored,1,2,0
2023021168,2024-03-30,ARI,3,17:35,205,2,5,7,True,False,True,0,opponent_scored,5,7,0
2023021169,2024-03-30,NSH,3,16:10,290,3,7,4,True,False,True,0,opponent_scored,7,4,0
2023021172,2024-03-30,MTL,3,17:12,228,3,0,3,True,False,True,0,opponent_scored,0,3,0
2023021174,2024-03-30,NYI,3,17:14,226,3,4,1,True,False,True,0,opponent_scored,4,1,0
2023021177,2024-03-30,STL,3,16:47,253,4,0,4,True,False,True,0,opponent_scored,0,4,0
2023021179,2024-03-30,SEA,3,18:43,137,3,0,3,True,False,True,0,opponent_scored,0,3,0
2023021181,2024-04-01,COL,3,18:27,153,3,4,1,True,False,True,0,opponent_scored,4,1,0
2023021182,2024-04-01,NYR,3,17:49,191,2,2,4,True,False,True,0,opponent_scored,2,4,0
2023021184,2024-04-01,TBL,3,18:57,123,2,2,4,True,False,True,0,opponent_scored,2,4,0
2023021185,2024-04-01,FLA,3,19:14,106,2,6,4,True,False,True,0,opponent_scored,6,4,0
2023021188,2024-04-01,SJS,3,19:52,68,2,2,4,True,False,True,0,opponent_scored,2,4,0
2023021191,2024-04-02,NJD,3,17:07,233,3,3,6,True,False,True,0,opponent_scored,3,6,0
2023021194,2024-04-02,NSH,3,18:36,144,3,0,3,True,False,True,0,opponent_scored,0,3,0
2023021202,2024-04-04,CAR,3,17:49,191,3,1,4,True,False,True,0,opponent_scored,1,4,0
2023021203,2024-04-04,CBJ,3,19:22,98,2,2,4,True,False,True,0,opponent_scored,2,4,0
2023021204,2024-04-04,MTL,3,19:06,114,3,4,7,True,False,True,0,opponent_scored,4,7,0
2023021206,2024-04-04,WSH,3,17:23,217,3,1,4,True,False,True,0,opponent_scored,1,4,0
2023021207,2024-04-04,MIN,3,18:32,148,3,2,5,True,False,True,0,opponent_scored,2,5,0
2023021208,2024-04-04,STL,3,18:16,164,2,5,3,True,False,True,0,opponent_scored,5,3,0
2023021209,2024-04-04,CGY,3,18:56,124,3,5,2,True,False,True,0,opponent_scored,5,2,0
2023021212,2024-04-05,WSH,3,19:55,65,2,4,2,True,False,True,0,opponent_scored,4,2,0
2023021216,2024-04-05,VGK,3,17:25,215,3,7,4,True,False,True,0,opponent_scored,7,4,0
2023021225,2024-04-06,NSH,3,18:41,139,2,2,0,True,False,True,0,opponent_scored,2,0,0
2023021226,2024-04-06,CGY,3,19:17,103,2,2,4,True,False,True,0,opponent_scored,2,4,0
2023021231,2024-04-07,SJS,3,16:54,246,3,2,5,True,False,True,0,opponent_scored,2,5,0
2023021234,2024-04-07,MTL,3,18:45,135,3,5,2,True,False,True,0,opponent_scored,5,2,0
2023021236,2024-04-07,COL,3,19:51,69,3,4,7,True,False,True,0,opponent_scored,4,7,0
2023021243,2024-04-09,NJD,3,18:47,133,3,2,5,True,False,True,0,opponent_scored,2,5,0
2023021244,2024-04-09,NYR,3,19:54,66,2,4,2,True,False,True,0,opponent_scored,4,2,0
2023021245,2024-04-09,CBJ,3,17:57,183,3,5,2,True,False,True,0,opponent_scored,5,2,0
2023021255,2024-04-11,WSH,3,17:43,197,3,4,1,True,False,True,0,opponent_scored,4,1,0
2023021262,2024-04-11,DAL,3,17:39,201,3,0,3,True,False,True,0,opponent_scored,0,3,0
2023021264,2024-04-11,CGY,3,16:46,254,3,4,1,True,False,True,0,opponent_scored,4,1,0
2023021265,2024-04-12,STL,3,17:20,220,2,2,4,True,False,True,0,opponent_scored,2,4,0
2023021279,2024-04-13,PIT,3,17:13,227,3,3,6,True,False,True,0,opponent_scored,3,6,0
2023021280,2024-04-13,EDM,3,18:13,167,2,1,3,True,False,True,0,opponent_scored,1,3,0
2023021283,2024-04-14,SEA,3,19:00,120,3,4,1,True,False,True,0,opponent_scored,4,1,0
2023021285,2024-04-14,CHI,3,17:54,186,2,2,4,True,False,True,0,opponent_scored,2,4,0
2023021291,2024-04-15,BOS,3,19:47,73,2,2,0,True,False,True,0,opponent_scored,2,0,0
2023021295,2024-04-16,BOS,3,18:12,168,2,1,3,True,False,True,0,opponent_scored,1,3,0
2023021297,2024-04-16,TOR,3,17:40,200,3,5,2,True,False,True,0,opponent_scored,5,2,0
2023021299,2024-04-16,PHI,3,17:00,240,1,1,2,True,False,True,0,opponent_scored,1,2,0
2023021301,2024-04-16,CHI,3,18:24,156,2,3,1,True,False,True,0,opponent_scored,3,1,0
2023021306,2024-04-17,EDM,3,15:45,315,3,5,2,True,False,True,0,opponent_scored,5,2,0
2023021307,2024-04-18,MIN,3,18:14,166,2,2,4,True,False,True,0,opponent_scored,2,4,0
2023021308,2024-04-18,VAN,3,17:55,185,2,4,2,True,False,True,0,opponent_scored,4,2,0
2023021311,2024-04-18,VGK,3,19:45,75,3,1,4,True,False,True,0,opponent_scored,1,4,0
2023030111,2024-04-21,TBL,3,17:55,185,2,3,1,True,False,True,0,opponent_scored,3,1,0
2023030113,2024-04-25,TBL,3,19:28,92,2,3,5,True,False,True,0,opponent_scored,3,5,0
2023030115,2024-04-29,TBL,3,16:03,297,4,5,1,True,False,True,0,opponent_scored,5,1,0
2023030121,2024-04-20,TOR,3,17:52,188,4,5,1,True,False,True,0,opponent_scored,5,1,0
2023030123,2024-04-24,TOR,3,19:24,96,2,2,4,True,False,True,0,opponent_scored,2,4,0
2023030134,2024-04-28,WSH,3,19:09,111,2,2,4,True,False,True,0,opponent_scored,2,4,0
2023030141,2024-04-20,NYI,3,18:28,152,2,3,1,True,False,True,0,opponent_scored,3,1,0
2023030142,2024-04-22,NYI,3,19:04,116,2,5,3,True,False,True,0,opponent_scored,5,3,0
2023030145,2024-04-30,NYI,3,18:21,159,3,6,3,True,False,True,0,opponent_scored,6,3,0
2023030152,2024-04-24,DAL,3,19:26,94,2,1,3,True,False,True,0,opponent_scored,1,3,0
2023030154,2024-04-29,VGK,3,18:38,142,2,2,4,True,False,True,0,opponent_scored,2,4,0
2023030156,2024-05-03,DAL,3,19:41,79,2,2,0,True,False,True,0,opponent_scored,2,0,0
2023030162,2024-04-23,WPG,3,19:03,117,3,2,5,True,False,True,0,opponent_scored,2,5,0
2023030163,2024-04-26,WPG,3,16:25,275,4,6,2,True,False,True,0,opponent_scored,6,2,0
2023030164,2024-04-28,WPG,3,19:47,73,4,5,1,True,False,True,0,opponent_scored,5,1,0
2023030165,2024-04-30,WPG,3,19:58,62,3,3,6,True,False,True,0,opponent_scored,3,6,0
2023030171,2024-04-21,NSH,3,18:32,148,2,4,2,True,False,True,0,opponent_scored,4,2,0
2023030172,2024-04-23,VAN,3,18:07,173,3,1,4,True,False,True,0,opponent_scored,1,4,0
2023030181,2024-04-22,LAK,3,19:34,86,3,7,4,True,False,True,0,opponent_scored,7,4,0
2023030211,2024-05-06,FLA,3,16:38,262,4,1,5,True,False,True,0,opponent_scored,1,5,0
2023030213,2024-05-10,BOS,3,18:36,144,3,2,5,True,False,True,0,opponent_scored,2,5,0
2023030225,2024-05-13,NYR,3,16:29,271,3,1,4,True,False,True,0,opponent_scored,1,4,0
2023030226,2024-05-16,CAR,3,19:11,109,2,3,5,True,False,True,0,opponent_scored,3,5,0
2023030232,2024-05-09,COL,3,19:39,81,2,5,3,True,False,True,0,opponent_scored,5,3,0
2023030233,2024-05-11,COL,3,18:23,157,2,1,3,True,False,True,0,opponent_scored,1,3,0
2023030234,2024-05-13,COL,3,18:10,170,4,1,5,True,False,True,0,opponent_scored,1,5,0
2023030311,2024-05-22,NYR,3,18:41,139,3,0,3,True,False,True,0,opponent_scored,0,3,0
2023030315,2024-05-30,NYR,3,18:08,172,2,1,3,True,False,True,0,opponent_scored,1,3,0
2023030322,2024-05-25,EDM,3,17:57,183,2,3,1,True,False,True,0,opponent_scored,3,1,0
2023030323,2024-05-27,EDM,3,18:08,172,2,3,5,True,False,True,0,opponent_scored,3,5,0
2023030324,2024-05-29,DAL,3,18:07,173,3,5,2,True,False,True,0,opponent_scored,5,2,0
2023030411,2024-06-08,EDM,3,19:55,65,3,3,0,True,False,True,0,opponent_scored,3,0,0
2023030412,2024-06-10,EDM,3,17:32,208,3,4,1,True,False,True,0,opponent_scored,4,1,0
2023030415,2024-06-18,FLA,3,19:41,79,2,3,5,True,False,True,0,opponent_scored,3,5,0
2023030416,2024-06-21,FLA,3,16:45,255,3,4,1,True,False,True,0,opponent_scored,4,1,0
