Date,Home_Team,Away_Team,Closing_Total,Num_Books,Home_mapped,Away_mapped,Date_dt,Actual_Total,Result_Date,Days_Diff,Deviation,Abs_Deviation
2023-11-06,Oregon Ducks,Georgia Bulldogs,141.0,1,oregon,georgia,2023-11-06,153,2023-11-06,0,12.0,12.0
2023-11-06,UConn Huskies,Northern Arizona Lumberjacks,140.9,7,uconn,northern arizona,2023-11-06,147,2023-11-06,0,6.099999999999994,6.099999999999994
2023-11-06,Purdue Boilermakers,Samford Bulldogs,143.5,7,purdue,samford,2023-11-06,143,2023-11-06,0,-0.5,0.5
2023-11-07,Bowling Green Falcons,Chicago St Cougars,146.5,1,bowling green state,chicago state,2023-11-07,111,2023-11-06,-1,-35.5,35.5
2023-11-07,Colgate Raiders,Brown Bears,146.0,1,colgate,brown,2023-11-07,142,2023-11-06,-1,-4.0,4.0
2023-11-07,Rhode Island Rams,Central Connecticut St Blue Devils,135.5,1,rhode island,central connecticut,2023-11-07,151,2023-11-06,-1,15.5,15.5
2023-11-07,Clemson Tigers,Winthrop Eagles,146.5,1,clemson,winthrop,2023-11-07,112,2023-11-06,-1,-34.5,34.5
2023-11-07,Dayton Flyers,SIU-Edwardsville Cougars,135.1,5,dayton,siu-edwardsville,2023-11-07,110,2023-11-06,-1,-25.099999999999994,25.099999999999994
2023-11-07,Penn State Nittany Lions,Delaware St Hornets,140.6,5,penn state,delaware state,2023-11-07,124,2023-11-06,-1,-16.599999999999994,16.599999999999994
2023-11-07,Louisville Cardinals,UMBC Retrievers,143.5,1,louisville,umbc,2023-11-07,187,2023-11-06,-1,43.5,43.5
2023-11-07,West Virginia Mountaineers,Missouri St Bears,135.9,7,west virginia,missouri state,2023-11-07,126,2023-11-06,-1,-9.900000000000006,9.900000000000006
2023-11-07,NC State Wolfpack,The Citadel Bulldogs,145.2,5,nc state,the citadel,2023-11-07,131,2023-11-06,-1,-14.199999999999989,14.199999999999989
2023-11-07,Western Michigan Broncos,North Dakota St Bison,141.1,4,western michigan,north dakota state,2023-11-07,156,2023-11-06,-1,14.900000000000006,14.900000000000006
2023-11-07,Villanova Wildcats,American Eagles,140.9,4,villanova,american,2023-11-07,153,2023-11-06,-1,12.099999999999994,12.099999999999994
2023-11-07,Belmont Bruins,Georgia St Panthers,145.0,4,belmont,georgia state,2023-11-07,176,2023-11-06,-1,31.0,31.0
2023-11-07,Temple Owls,Maryland-Eastern Shore Hawks,134.5,1,temple,maryland-eastern shore,2023-11-07,150,2023-11-06,-1,15.5,15.5
2023-11-07,Vermont Catamounts,Merrimack Warriors,131.0,1,vermont,merrimack,2023-11-07,122,2023-11-06,-1,-9.0,9.0
2023-11-07,Seton Hall Pirates,Saint Peter's Peacocks,126.1,4,seton hall,st. peter's,2023-11-07,129,2023-11-06,-1,2.9000000000000057,2.9000000000000057
2023-11-07,Alabama Crimson Tide,Morehead St Eagles,143.2,7,alabama,morehead state,2023-11-07,178,2023-11-06,-1,34.80000000000001,34.80000000000001
2023-11-07,Arkansas Razorbacks,Alcorn St Braves,145.0,5,arkansas,alcorn state,2023-11-07,152,2023-11-06,-1,7.0,7.0
2023-11-07,Wisconsin Badgers,Arkansas St Red Wolves,135.2,4,wisconsin,arkansas state,2023-11-07,181,2023-11-06,-1,45.80000000000001,45.80000000000001
2023-11-07,Arkansas-Little Rock Trojans,Texas State Bobcats,141.2,4,little rock,texas state,2023-11-07,137,2023-11-06,-1,-4.199999999999989,4.199999999999989
2023-11-07,Missouri Tigers,Arkansas-Pine Bluff Golden Lions,149.5,1,missouri,arkansas-pine bluff,2023-11-07,180,2023-11-06,-1,30.5,30.5
2023-11-07,Minnesota Golden Gophers,Bethune-Cookman Wildcats,139.8,2,minnesota,bethune-cookman,2023-11-07,140,2023-11-06,-1,0.19999999999998863,0.19999999999998863
2023-11-07,Northwestern Wildcats,Binghamton Bearcats,135.8,2,northwestern,binghamton,2023-11-07,133,2023-11-06,-1,-2.8000000000000114,2.8000000000000114
2023-11-07,Boston College Eagles,Fairfield Stags,132.5,4,boston college,fairfield,2023-11-07,159,2023-11-06,-1,26.5,26.5
2023-11-07,Northeastern Huskies,Boston Univ. Terriers,131.2,2,northeastern,boston university,2023-11-07,125,2023-11-06,-1,-6.199999999999989,6.199999999999989
2023-11-07,Butler Bulldogs,Eastern Michigan Eagles,141.5,4,butler,eastern michigan,2023-11-07,149,2023-11-06,-1,7.5,7.5
2023-11-07,Oklahoma Sooners,Central Michigan Chippewas,136.5,4,oklahoma,central michigan,2023-11-07,148,2023-11-06,-1,11.5,11.5
2023-11-07,Wake Forest Demon Deacons,Elon Phoenix,142.0,4,wake forest,elon,2023-11-07,179,2023-11-06,-1,37.0,37.0
2023-11-07,Iowa State Cyclones,Green Bay Phoenix,133.1,5,iowa state,green bay,2023-11-07,129,2023-11-06,-1,-4.099999999999994,4.099999999999994
2023-11-07,Texas Longhorns,Incarnate Word Cardinals,144.7,5,texas,incarnate word,2023-11-07,144,2023-11-06,-1,-0.6999999999999886,0.6999999999999886
2023-11-07,Memphis Tigers,Jackson St Tigers,147.5,1,memphis,jackson state,2023-11-07,171,2023-11-06,-1,23.5,23.5
2023-11-07,Kansas Jayhawks,North Carolina Central Eagles,142.4,5,kansas,north carolina central,2023-11-07,155,2023-11-06,-1,12.599999999999994,12.599999999999994
2023-11-07,Kentucky Wildcats,New Mexico St Aggies,141.9,7,kentucky,new mexico state,2023-11-07,132,2023-11-06,-1,-9.900000000000006,9.900000000000006
2023-11-07,Xavier Musketeers,Robert Morris Colonials,143.6,5,xavier,robert morris,2023-11-07,140,2023-11-06,-1,-3.5999999999999943,3.5999999999999943
2023-11-07,UTSA Roadrunners,Western Illinois Leathernecks,144.5,2,utsa,western illinois,2023-11-07,146,2023-11-06,-1,1.5,1.5
2023-11-07,Michigan St Spartans,James Madison Dukes,143.5,6,michigan state,james madison,2023-11-07,155,2023-11-06,-1,11.5,11.5
2023-11-07,Middle Tennessee Blue Raiders,Northern Kentucky Norse,133.5,2,middle tennessee,northern kentucky,2023-11-07,131,2023-11-06,-1,-2.5,2.5
2023-11-07,Oklahoma St Cowboys,Abilene Christian Wildcats,140.9,4,oklahoma state,abilene christian,2023-11-07,123,2023-11-06,-1,-17.900000000000006,17.900000000000006
2023-11-07,Cincinnati Bearcats,UIC Flames,142.1,4,cincinnati,uic,2023-11-07,127,2023-11-06,-1,-15.099999999999994,15.099999999999994
2023-11-07,South Dakota St Jackrabbits,Akron Zips,141.1,4,south dakota state,akron,2023-11-07,156,2023-11-06,-1,14.900000000000006,14.900000000000006
2023-11-07,Air Force Falcons,Portland St Vikings,139.5,4,air force,portland state,2023-11-07,117,2023-11-06,-1,-22.5,22.5
2023-11-07,Arizona Wildcats,Morgan St Bears,155.1,5,arizona,morgan state,2023-11-07,181,2023-11-06,-1,25.900000000000006,25.900000000000006
2023-11-07,Utah Utes,Eastern Washington Eagles,142.8,4,utah,eastern washington,2023-11-07,167,2023-11-06,-1,24.19999999999999,24.19999999999999
2023-11-07,New Mexico Lobos,Texas Southern Tigers,152.2,2,new mexico,texas southern,2023-11-07,135,2023-11-06,-1,-17.19999999999999,17.19999999999999
2023-11-07,Colorado St Rams,Louisiana Tech Bulldogs,140.8,4,colorado state,louisiana tech,2023-11-07,154,2023-11-06,-1,13.199999999999989,13.199999999999989
2023-11-07,San Diego St Aztecs,CSU Fullerton Titans,131.4,7,san diego state,cal state fullerton,2023-11-07,140,2023-11-06,-1,8.599999999999994,8.599999999999994
2023-11-07,Washington St Cougars,Idaho Vandals,137.7,5,washington state,idaho,2023-11-07,143,2023-11-06,-1,5.300000000000011,5.300000000000011
2023-11-07,Washington Huskies,Bellarmine Knights,139.0,2,washington,bellarmine,2023-11-07,148,2023-11-06,-1,9.0,9.0
2023-11-16,North Texas Mean Green,St. John's Red Storm,137.1,14,north texas,st. john's (ny),2023-11-16,105,2023-11-16,0,-32.099999999999994,32.099999999999994
2023-11-16,Wyoming Cowboys,Saint Louis Billikens,150.0,14,wyoming,saint louis,2023-11-16,148,2023-11-16,0,-2.0,2.0
2023-11-16,LSU Tigers,Dayton Flyers,133.8,14,lsu,dayton,2023-11-16,137,2023-11-16,0,3.1999999999999886,3.1999999999999886
2023-11-16,Coastal Carolina Chanticleers,Wichita St Shockers,144.5,14,coastal carolina,wichita state,2023-11-16,163,2023-11-16,0,18.5,18.5
2023-11-16,Towson Tigers,Houston Cougars,127.5,14,towson,houston,2023-11-16,114,2023-11-16,0,-13.5,13.5
2023-11-16,St. Bonaventure Bonnies,Oklahoma St Cowboys,135.7,14,st. bonaventure,oklahoma state,2023-11-16,130,2023-11-16,0,-5.699999999999989,5.699999999999989
2023-11-17,Boston Univ. Terriers,Bryant Bulldogs,137.9,9,boston university,bryant,2023-11-17,174,2023-11-16,-1,36.099999999999994,36.099999999999994
2023-11-17,UCF Knights,CSU Fullerton Titans,142.3,13,ucf,cal state fullerton,2023-11-17,116,2023-11-16,-1,-26.30000000000001,26.30000000000001
2023-11-17,Indiana Hoosiers,Wright St Raiders,152.0,13,indiana,wright state,2023-11-17,169,2023-11-16,-1,17.0,17.0
2023-11-17,Virginia Cavaliers,Texas Southern Tigers,130.2,8,virginia,texas southern,2023-11-17,95,2023-11-16,-1,-35.19999999999999,35.19999999999999
2023-11-17,Southern Illinois Salukis,Chicago St Cougars,131.1,10,southern illinois,chicago state,2023-11-17,126,2023-11-16,-1,-5.099999999999994,5.099999999999994
2023-11-17,Minnesota Golden Gophers,Missouri Tigers,147.6,14,minnesota,missouri,2023-11-17,138,2023-11-16,-1,-9.599999999999994,9.599999999999994
2023-11-17,Wake Forest Demon Deacons,Utah Utes,150.9,13,wake forest,utah,2023-11-17,147,2023-11-16,-1,-3.9000000000000057,3.9000000000000057
2023-11-17,Montana Grizzlies,North Dakota St Bison,137.1,14,montana,north dakota state,2023-11-17,147,2023-11-16,-1,9.900000000000006,9.900000000000006
2023-11-17,California Golden Bears,Montana St Bobcats,142.0,14,california,montana state,2023-11-17,123,2023-11-16,-1,-19.0,19.0
2023-12-01,Xavier Musketeers,Houston Cougars,138.6,14,xavier,houston,2023-12-01,126,2023-12-01,0,-12.599999999999994,12.599999999999994
2023-12-02,Bethune-Cookman Wildcats,Incarnate Word Cardinals,148.4,9,bethune-cookman,incarnate word,2023-12-02,178,2023-12-01,-1,29.599999999999994,29.599999999999994
2023-12-02,Brown Bears,Bryant Bulldogs,147.1,10,brown,bryant,2023-12-02,135,2023-12-01,-1,-12.099999999999994,12.099999999999994
2023-12-02,South Carolina Gamecocks,George Washington Colonials,149.7,14,south carolina,george washington,2023-12-02,156,2023-12-01,-1,6.300000000000011,6.300000000000011
2023-12-02,Georgia Bulldogs,Mercer Bears,138.9,14,georgia,mercer,2023-12-02,149,2023-12-01,-1,10.099999999999994,10.099999999999994
2023-12-02,Indiana Hoosiers,Maryland Terrapins,137.5,13,indiana,maryland,2023-12-02,118,2023-12-01,-1,-19.5,19.5
2023-12-02,VCU Rams,Norfolk St Spartans,135.8,9,vcu,norfolk state,2023-12-02,123,2023-12-01,-1,-12.800000000000011,12.800000000000011
2023-12-02,West Virginia Mountaineers,St. John's Red Storm,147.5,14,west virginia,st. john's (ny),2023-12-02,152,2023-12-01,-1,4.5,4.5
2023-12-02,Arkansas-Little Rock Trojans,Arkansas St Red Wolves,160.3,14,little rock,arkansas state,2023-12-02,143,2023-12-01,-1,-17.30000000000001,17.30000000000001
2023-12-02,South Dakota St Jackrabbits,Towson Tigers,131.7,14,south dakota state,towson,2023-12-02,109,2023-12-01,-1,-22.69999999999999,22.69999999999999
2023-12-02,DePaul Blue Demons,Iowa State Cyclones,139.0,14,depaul,iowa state,2023-12-02,179,2023-12-01,-1,40.0,40.0
2023-12-02,Troy Trojans,SIU-Edwardsville Cougars,143.1,13,troy,siu-edwardsville,2023-12-02,143,2023-12-01,-1,-0.09999999999999432,0.09999999999999432
2023-12-02,BYU Cougars,Fresno St Bulldogs,143.2,13,byu,fresno state,2023-12-02,141,2023-12-01,-1,-2.1999999999999886,2.1999999999999886
2023-12-02,Kansas Jayhawks,UConn Huskies,148.5,14,kansas,uconn,2023-12-02,134,2023-12-01,-1,-14.5,14.5
2023-12-02,Northwestern Wildcats,Purdue Boilermakers,136.6,14,northwestern,purdue,2023-12-02,180,2023-12-01,-1,43.400000000000006,43.400000000000006
2023-12-16,Texas Longhorns,LSU Tigers,142.3,12,texas,lsu,2023-12-16,181,2023-12-16,0,38.69999999999999,38.69999999999999
2023-12-16,Indiana Hoosiers,Kansas Jayhawks,146.5,12,indiana,kansas,2023-12-16,146,2023-12-16,0,-0.5,0.5
2023-12-16,Providence Friars,Sacred Heart Pioneers,141.9,9,providence,sacred heart,2023-12-16,142,2023-12-16,0,0.09999999999999432,0.09999999999999432
2023-12-16,Drexel Dragons,Albany Great Danes,138.1,9,drexel,albany (ny),2023-12-16,123,2023-12-16,0,-15.099999999999994,15.099999999999994
2023-12-16,Michigan St Spartans,Baylor Bears,144.4,12,michigan state,baylor,2023-12-16,152,2023-12-16,0,7.599999999999994,7.599999999999994
2023-12-16,Bryant Bulldogs,Towson Tigers,132.8,7,bryant,towson,2023-12-16,194,2023-12-16,0,61.19999999999999,61.19999999999999
2023-12-16,Mercer Bears,Florida Gulf Coast Eagles,134.2,9,mercer,florida gulf coast,2023-12-16,135,2023-12-16,0,0.8000000000000114,0.8000000000000114
2023-12-16,Hampton Pirates,James Madison Dukes,162.8,10,hampton,james madison,2023-12-16,159,2023-12-16,0,-3.8000000000000114,3.8000000000000114
2023-12-16,VCU Rams,Temple Owls,137.3,11,vcu,temple,2023-12-16,165,2023-12-16,0,27.69999999999999,27.69999999999999
2023-12-16,UIC Flames,Western Michigan Broncos,135.6,12,uic,western michigan,2023-12-16,157,2023-12-16,0,21.400000000000006,21.400000000000006
2023-12-16,Michigan Wolverines,Eastern Michigan Eagles,145.9,11,michigan,eastern michigan,2023-12-16,149,2023-12-16,0,3.0999999999999943,3.0999999999999943
2023-12-16,Houston Cougars,Texas A&M Aggies,130.6,11,houston,texas a&m,2023-12-16,136,2023-12-16,0,5.400000000000006,5.400000000000006
2023-12-16,Western Kentucky Hilltoppers,Austin Peay Governors,143.4,9,western kentucky,austin peay,2023-12-16,129,2023-12-16,0,-14.400000000000006,14.400000000000006
2023-12-16,Samford Bulldogs,Belmont Bruins,168.0,12,samford,belmont,2023-12-16,192,2023-12-16,0,24.0,24.0
2023-12-16,Memphis Tigers,Clemson Tigers,151.0,12,memphis,clemson,2023-12-16,156,2023-12-16,0,5.0,5.0
2023-12-16,Georgia Southern Eagles,UNC Wilmington Seahawks,143.1,12,georgia southern,unc wilmington,2023-12-16,159,2023-12-16,0,15.900000000000006,15.900000000000006
2023-12-16,Northwestern St Demons,Rice Owls,153.3,9,northwestern state,rice,2023-12-16,127,2023-12-16,0,-26.30000000000001,26.30000000000001
2023-12-16,Ohio State Buckeyes,UCLA Bruins,133.5,11,ohio state,ucla,2023-12-16,127,2023-12-16,0,-6.5,6.5
2023-12-16,St. John's Red Storm,Fordham Rams,148.2,10,st. john's (ny),fordham,2023-12-16,132,2023-12-16,0,-16.19999999999999,16.19999999999999
2023-12-16,St. Bonaventure Bonnies,Florida Atlantic Owls,148.0,12,st. bonaventure,florida atlantic,2023-12-16,118,2023-12-16,0,-30.0,30.0
2023-12-16,South Florida Bulls,Loyola (Chi) Ramblers,143.5,12,south florida,loyola (il),2023-12-16,141,2023-12-16,0,-2.5,2.5
2023-12-16,Utah State Aggies,San Francisco Dons,139.7,12,utah state,san francisco,2023-12-16,107,2023-12-16,0,-32.69999999999999,32.69999999999999
2023-12-16,Utah Utes,Utah Valley Wolverines,142.7,12,utah,utah valley,2023-12-16,138,2023-12-16,0,-4.699999999999989,4.699999999999989
2023-12-16,Virginia Tech Hokies,Vermont Catamounts,138.4,8,virginia tech,vermont,2023-12-16,124,2023-12-16,0,-14.400000000000006,14.400000000000006
2023-12-16,Purdue Boilermakers,Arizona Wildcats,159.6,12,purdue,arizona,2023-12-16,176,2023-12-16,0,16.400000000000006,16.400000000000006
2023-12-16,DePaul Blue Demons,Northwestern Wildcats,141.7,12,depaul,northwestern,2023-12-16,102,2023-12-16,0,-39.69999999999999,39.69999999999999
2023-12-16,Georgia Bulldogs,High Point Panthers,150.6,9,georgia,high point,2023-12-16,124,2023-12-16,0,-26.599999999999994,26.599999999999994
2023-12-16,Virginia Cavaliers,Northeastern Huskies,127.2,10,virginia,northeastern,2023-12-16,110,2023-12-16,0,-17.200000000000003,17.200000000000003
2023-12-17,Cincinnati Bearcats,Dayton Flyers,139.8,11,cincinnati,dayton,2023-12-17,150,2023-12-16,-1,10.199999999999989,10.199999999999989
2023-12-17,Marshall Thundering Herd,UNC Greensboro Spartans,154.6,12,marshall,unc greensboro,2023-12-17,137,2023-12-16,-1,-17.599999999999994,17.599999999999994
2023-12-17,Wichita St Shockers,Southern Illinois Salukis,141.7,12,wichita state,southern illinois,2023-12-17,137,2023-12-16,-1,-4.699999999999989,4.699999999999989
2023-12-17,Xavier Musketeers,Winthrop Eagles,154.3,9,xavier,winthrop,2023-12-17,134,2023-12-16,-1,-20.30000000000001,20.30000000000001
2023-12-17,Alabama A&M Bulldogs,Chattanooga Mocs,150.2,9,alabama a&m,chattanooga,2023-12-17,160,2023-12-16,-1,9.800000000000011,9.800000000000011
2023-12-17,Florida St Seminoles,SMU Mustangs,147.0,11,florida state,smu,2023-12-17,125,2023-12-16,-1,-22.0,22.0
2023-12-17,Saint Louis Billikens,Louisiana Tech Bulldogs,141.5,12,saint louis,louisiana tech,2023-12-17,149,2023-12-16,-1,7.5,7.5
2023-12-17,BYU Cougars,Georgia St Panthers,149.5,11,byu,georgia state,2023-12-17,140,2023-12-16,-1,-9.5,9.5
2023-12-17,Oklahoma Sooners,Green Bay Phoenix,135.4,12,oklahoma,green bay,2023-12-17,128,2023-12-16,-1,-7.400000000000006,7.400000000000006
2023-12-17,Wyoming Cowboys,Weber State Wildcats,133.9,11,wyoming,weber state,2023-12-17,155,2023-12-16,-1,21.099999999999994,21.099999999999994
2023-12-17,North Carolina A&T Aggies,Texas Southern Tigers,145.1,9,north carolina a&t,texas southern,2023-12-17,164,2023-12-16,-1,18.900000000000006,18.900000000000006
2023-12-17,Tennessee Volunteers,NC State Wolfpack,149.2,10,tennessee,nc state,2023-12-17,149,2023-12-16,-1,-0.19999999999998863,0.19999999999998863
2023-12-31,Green Bay Phoenix,Robert Morris Colonials,137.2,12,green bay,robert morris,2023-12-31,139,2023-12-31,0,1.8000000000000114,1.8000000000000114
2023-12-31,Iowa State Cyclones,New Hampshire Wildcats,149.9,9,iowa state,new hampshire,2023-12-31,155,2023-12-31,0,5.099999999999994,5.099999999999994
2023-12-31,Mississippi St Bulldogs,Bethune-Cookman Wildcats,140.6,9,mississippi state,bethune-cookman,2023-12-31,147,2023-12-31,0,6.400000000000006,6.400000000000006
2023-12-31,Milwaukee Panthers,Wright St Raiders,165.8,12,milwaukee,wright state,2023-12-31,174,2023-12-31,0,8.199999999999989,8.199999999999989
2023-12-31,Oklahoma St Cowboys,South Carolina St Bulldogs,146.2,9,oklahoma state,south carolina state,2023-12-31,156,2023-12-31,0,9.800000000000011,9.800000000000011
2023-12-31,SIU-Edwardsville Cougars,Western Illinois Leathernecks,134.0,11,siu-edwardsville,western illinois,2023-12-31,156,2023-12-31,0,22.0,22.0
2023-12-31,Utah Utes,Washington Huskies,153.1,12,utah,washington,2023-12-31,185,2023-12-31,0,31.900000000000006,31.900000000000006
2024-01-01,California Golden Bears,Arizona St Sun Devils,149.0,12,california,arizona state,2024-01-01,140,2023-12-31,-1,-9.0,9.0
2024-01-15,Michigan Wolverines,Ohio State Buckeyes,146.9,13,michigan,ohio state,2024-01-15,138,2024-01-15,0,-8.900000000000006,8.900000000000006
2024-01-15,Harvard Crimson,Brown Bears,140.1,12,harvard,brown,2024-01-15,146,2024-01-15,0,5.900000000000006,5.900000000000006
2024-01-15,Central Connecticut St Blue Devils,Merrimack Warriors,129.2,10,central connecticut,merrimack,2024-01-15,145,2024-01-15,0,15.800000000000011,15.800000000000011
2024-01-15,Minnesota Golden Gophers,Iowa Hawkeyes,158.6,13,minnesota,iowa,2024-01-15,163,2024-01-15,0,4.400000000000006,4.400000000000006
2024-01-16,Alabama St Hornets,Alabama A&M Bulldogs,139.4,11,alabama state,alabama a&m,2024-01-16,115,2024-01-15,-1,-24.400000000000006,24.400000000000006
2024-01-16,Bethune-Cookman Wildcats,Southern Jaguars,147.3,11,bethune-cookman,southern,2024-01-16,137,2024-01-15,-1,-10.300000000000011,10.300000000000011
2024-01-16,Hampton Pirates,North Carolina A&T Aggies,151.8,13,hampton,north carolina a&t,2024-01-16,161,2024-01-15,-1,9.199999999999989,9.199999999999989
2024-01-30,Tennessee Volunteers,South Carolina Gamecocks,136.4,13,tennessee,south carolina,2024-01-30,122,2024-01-30,0,-14.400000000000006,14.400000000000006
2024-01-31,Eastern Michigan Eagles,Akron Zips,136.7,13,eastern michigan,akron,2024-01-31,123,2024-01-30,-1,-13.699999999999989,13.699999999999989
2024-01-31,Ball State Cardinals,Bowling Green Falcons,149.0,13,ball state,bowling green state,2024-01-31,153,2024-01-30,-1,4.0,4.0
2024-01-31,Ohio Bobcats,Buffalo Bulls,148.8,13,ohio,buffalo,2024-01-31,161,2024-01-30,-1,12.199999999999989,12.199999999999989
2024-01-31,Central Michigan Chippewas,Northern Illinois Huskies,144.6,13,central michigan,northern illinois,2024-01-31,161,2024-01-30,-1,16.400000000000006,16.400000000000006
2024-01-31,Dayton Flyers,George Washington Colonials,146.0,12,dayton,george washington,2024-01-31,144,2024-01-30,-1,-2.0,2.0
2024-01-31,Indiana Hoosiers,Iowa Hawkeyes,158.9,12,indiana,iowa,2024-01-31,142,2024-01-30,-1,-16.900000000000006,16.900000000000006
2024-01-31,St. Bonaventure Bonnies,VCU Rams,137.3,13,st. bonaventure,vcu,2024-01-31,129,2024-01-30,-1,-8.300000000000011,8.300000000000011
2024-01-31,Toledo Rockets,Western Michigan Broncos,155.5,13,toledo,western michigan,2024-01-31,151,2024-01-30,-1,-4.5,4.5
2024-01-31,Kansas St Wildcats,Oklahoma Sooners,138.2,13,kansas state,oklahoma,2024-01-31,126,2024-01-30,-1,-12.199999999999989,12.199999999999989
2024-01-31,Loyola (Chi) Ramblers,Saint Louis Billikens,147.0,13,loyola (il),saint louis,2024-01-31,139,2024-01-30,-1,-8.0,8.0
2024-01-31,Air Force Falcons,Wyoming Cowboys,137.0,13,air force,wyoming,2024-01-31,155,2024-01-30,-1,18.0,18.0
2024-01-31,Clemson Tigers,Louisville Cardinals,149.6,13,clemson,louisville,2024-01-31,134,2024-01-30,-1,-15.599999999999994,15.599999999999994
2024-01-31,Colorado St Rams,San Diego St Aztecs,141.2,13,colorado state,san diego state,2024-01-31,150,2024-01-30,-1,8.800000000000011,8.800000000000011
2024-01-31,DePaul Blue Demons,Seton Hall Pirates,139.3,10,depaul,seton hall,2024-01-31,111,2024-01-30,-1,-28.30000000000001,28.30000000000001
2024-01-31,Kansas Jayhawks,Oklahoma St Cowboys,145.6,13,kansas,oklahoma state,2024-01-31,137,2024-01-30,-1,-8.599999999999994,8.599999999999994
2024-01-31,Michigan St Spartans,Michigan Wolverines,145.6,13,michigan state,michigan,2024-01-31,143,2024-01-30,-1,-2.5999999999999943,2.5999999999999943
2024-01-31,UNLV Rebels,Fresno St Bulldogs,141.3,13,unlv,fresno state,2024-01-31,147,2024-01-30,-1,5.699999999999989,5.699999999999989
2024-01-31,Gonzaga Bulldogs,Loyola Marymount Lions,152.4,13,gonzaga,loyola marymount,2024-01-31,150,2024-01-30,-1,-2.4000000000000057,2.4000000000000057
2024-02-14,Army Knights,Boston Univ. Terriers,124.5,8,army,boston university,2024-02-14,115,2024-02-14,0,-9.5,9.5
2024-02-14,Penn State Nittany Lions,Michigan St Spartans,144.3,13,penn state,michigan state,2024-02-14,152,2024-02-14,0,7.699999999999989,7.699999999999989
2024-02-14,Youngstown St Penguins,Robert Morris Colonials,149.1,13,youngstown state,robert morris,2024-02-14,164,2024-02-14,0,14.900000000000006,14.900000000000006
2024-02-15,Navy Midshipmen,American Eagles,132.4,9,navy,american,2024-02-15,101,2024-02-14,-1,-31.400000000000006,31.400000000000006
2024-02-15,Colgate Raiders,Holy Cross Crusaders,141.2,8,colgate,holy cross,2024-02-15,140,2024-02-14,-1,-1.1999999999999886,1.1999999999999886
2024-02-15,Green Bay Phoenix,Northern Kentucky Norse,138.4,13,green bay,northern kentucky,2024-02-15,115,2024-02-14,-1,-23.400000000000006,23.400000000000006
2024-02-15,Mercer Bears,Wofford Terriers,136.6,13,mercer,wofford,2024-02-15,133,2024-02-14,-1,-3.5999999999999943,3.5999999999999943
2024-02-15,Seton Hall Pirates,Xavier Musketeers,145.2,10,seton hall,xavier,2024-02-15,158,2024-02-14,-1,12.800000000000011,12.800000000000011
2024-02-15,The Citadel Bulldogs,UNC Greensboro Spartans,136.0,13,the citadel,unc greensboro,2024-02-15,137,2024-02-14,-1,1.0,1.0
2024-02-15,Belmont Bruins,Southern Illinois Salukis,145.7,13,belmont,southern illinois,2024-02-15,150,2024-02-14,-1,4.300000000000011,4.300000000000011
2024-02-15,Bradley Braves,UIC Flames,140.7,13,bradley,uic,2024-02-15,158,2024-02-14,-1,17.30000000000001,17.30000000000001
2024-02-15,Fordham Rams,St. Bonaventure Bonnies,142.0,12,fordham,st. bonaventure,2024-02-15,152,2024-02-14,-1,10.0,10.0
2024-02-15,Auburn Tigers,South Carolina Gamecocks,137.5,13,auburn,south carolina,2024-02-15,162,2024-02-14,-1,24.5,24.5
2024-02-15,Maryland Terrapins,Iowa Hawkeyes,145.6,13,maryland,iowa,2024-02-15,144,2024-02-14,-1,-1.5999999999999943,1.5999999999999943
2024-02-15,Arizona St Sun Devils,Oregon St Beavers,136.9,13,arizona state,oregon state,2024-02-15,140,2024-02-14,-1,3.0999999999999943,3.0999999999999943
2024-02-15,Arkansas Razorbacks,Tennessee Volunteers,151.3,13,arkansas,tennessee,2024-02-15,155,2024-02-14,-1,3.6999999999999886,3.6999999999999886
2024-02-15,DePaul Blue Demons,UConn Huskies,141.3,13,depaul,uconn,2024-02-15,166,2024-02-14,-1,24.69999999999999,24.69999999999999
2024-02-15,Samford Bulldogs,Western Carolina Catamounts,156.5,13,samford,western carolina,2024-02-15,150,2024-02-14,-1,-6.5,6.5
2024-02-15,Wyoming Cowboys,Utah State Aggies,151.9,13,wyoming,utah state,2024-02-15,160,2024-02-14,-1,8.099999999999994,8.099999999999994
2024-02-15,Fresno St Bulldogs,UNLV Rebels,137.9,12,fresno state,unlv,2024-02-15,132,2024-02-14,-1,-5.900000000000006,5.900000000000006
2024-03-01,Albany Great Danes,New Hampshire Wildcats,163.9,8,albany (ny),new hampshire,2024-03-01,158,2024-02-29,-1,-5.900000000000006,5.900000000000006
2024-03-01,Drexel Dragons,Stony Brook Seawolves,139.3,13,drexel,stony brook,2024-03-01,176,2024-02-29,-1,36.69999999999999,36.69999999999999
2024-03-01,East Carolina Pirates,Memphis Tigers,145.9,14,east carolina,memphis,2024-03-01,140,2024-02-29,-1,-5.900000000000006,5.900000000000006
2024-03-01,Elon Phoenix,William & Mary Tribe,142.6,14,elon,william & mary,2024-03-01,147,2024-02-29,-1,4.400000000000006,4.400000000000006
2024-03-01,Gardner-Webb Bulldogs,Longwood Lancers,147.8,9,gardner-webb,longwood,2024-03-01,141,2024-02-29,-1,-6.800000000000011,6.800000000000011
2024-03-01,Jacksonville St Gamecocks,UTEP Miners,133.9,14,jacksonville state,utep,2024-03-01,137,2024-02-29,-1,3.0999999999999943,3.0999999999999943
2024-03-01,North Carolina A&T Aggies,Towson Tigers,129.5,14,north carolina a&t,towson,2024-03-01,142,2024-02-29,-1,12.5,12.5
2024-03-01,Western Illinois Leathernecks,Eastern Illinois Panthers,134.5,14,western illinois,eastern illinois,2024-03-01,118,2024-02-29,-1,-16.5,16.5
2024-03-01,Arkansas-Little Rock Trojans,Tennessee St Tigers,146.7,14,little rock,tennessee state,2024-03-01,114,2024-02-29,-1,-32.69999999999999,32.69999999999999
2024-03-01,Eastern Washington Eagles,Montana Grizzlies,155.9,13,eastern washington,montana,2024-03-01,168,2024-02-29,-1,12.099999999999994,12.099999999999994
2024-03-01,Idaho Vandals,Montana St Bobcats,142.2,14,idaho,montana state,2024-03-01,110,2024-02-29,-1,-32.19999999999999,32.19999999999999
2024-03-01,Liberty Flames,New Mexico St Aggies,136.0,14,liberty,new mexico state,2024-03-01,141,2024-02-29,-1,5.0,5.0
2024-03-01,Washington Huskies,UCLA Bruins,138.5,13,washington,ucla,2024-03-01,171,2024-02-29,-1,32.5,32.5
2024-03-01,Washington St Cougars,USC Trojans,138.0,13,washington state,usc,2024-03-01,147,2024-02-29,-1,9.0,9.0
2024-03-01,San Francisco Dons,Gonzaga Bulldogs,154.3,13,san francisco,gonzaga,2024-03-01,154,2024-02-29,-1,-0.30000000000001137,0.30000000000001137
2024-03-15,Purdue Boilermakers,Michigan St Spartans,143.1,14,purdue,michigan state,2024-03-15,129,2024-03-15,0,-14.099999999999994,14.099999999999994
2024-03-15,South Florida Bulls,East Carolina Pirates,136.7,14,south florida,east carolina,2024-03-15,140,2024-03-15,0,3.3000000000000114,3.3000000000000114
2024-03-15,Tennessee Volunteers,Mississippi St Bulldogs,142.1,14,tennessee,mississippi state,2024-03-15,129,2024-03-15,0,-13.099999999999994,13.099999999999994
2024-03-15,Northwestern Wildcats,Wisconsin Badgers,137.1,14,northwestern,wisconsin,2024-03-15,131,2024-03-15,0,-6.099999999999994,6.099999999999994
2024-03-15,Grambling St Tigers,Bethune-Cookman Wildcats,126.8,8,grambling,bethune-cookman,2024-03-15,118,2024-03-15,0,-8.799999999999997,8.799999999999997
2024-03-15,Western Kentucky Hilltoppers,Middle Tennessee Blue Raiders,147.1,11,western kentucky,middle tennessee,2024-03-15,139,2024-03-15,0,-8.099999999999994,8.099999999999994
2024-03-15,Auburn Tigers,South Carolina Gamecocks,142.0,14,auburn,south carolina,2024-03-15,141,2024-03-15,0,-1.0,1.0
2024-03-15,Norfolk St Spartans,Howard Bison,136.3,12,norfolk state,howard,2024-03-15,154,2024-03-15,0,17.69999999999999,17.69999999999999
2024-03-15,Quinnipiac Bobcats,Saint Peter's Peacocks,136.9,5,quinnipiac,st. peter's,2024-03-15,122,2024-03-15,0,-14.900000000000006,14.900000000000006
2024-03-15,Houston Cougars,Texas Tech Red Raiders,131.3,13,houston,texas tech,2024-03-15,141,2024-03-15,0,9.699999999999989,9.699999999999989
2024-03-15,Kentucky Wildcats,Texas A&M Aggies,159.6,13,kentucky,texas a&m,2024-03-15,184,2024-03-15,0,24.400000000000006,24.400000000000006
2024-03-15,Florida Atlantic Owls,North Texas Mean Green,137.5,9,florida atlantic,north texas,2024-03-15,148,2024-03-15,0,10.5,10.5
2024-03-15,Akron Zips,Ohio Bobcats,140.8,7,akron,ohio,2024-03-15,127,2024-03-15,0,-13.800000000000011,13.800000000000011
2024-03-16,Arizona Wildcats,Oregon Ducks,155.4,14,arizona,oregon,2024-03-16,126,2024-03-15,-1,-29.400000000000006,29.400000000000006
2024-03-16,North Carolina Central Eagles,Delaware St Hornets,137.7,9,north carolina central,delaware state,2024-03-16,129,2024-03-15,-1,-8.699999999999989,8.699999999999989
2024-03-16,Alabama Crimson Tide,Florida Gators,170.8,10,alabama,florida,2024-03-16,190,2024-03-15,-1,19.19999999999999,19.19999999999999
2024-03-16,Utah State Aggies,San Diego St Aztecs,136.9,14,utah state,san diego state,2024-03-16,156,2024-03-15,-1,19.099999999999994,19.099999999999994
2024-03-16,Virginia Cavaliers,NC State Wolfpack,121.2,10,virginia,nc state,2024-03-16,138,2024-03-15,-1,16.799999999999997,16.799999999999997
2024-03-16,Iowa State Cyclones,Baylor Bears,133.6,10,iowa state,baylor,2024-03-16,138,2024-03-15,-1,4.400000000000006,4.400000000000006
2024-03-16,Texas Southern Tigers,Alabama A&M Bulldogs,135.5,13,texas southern,alabama a&m,2024-03-16,137,2024-03-15,-1,1.5,1.5
2024-03-20,Montana St Bobcats,Grambling St Tigers,134.2,12,montana state,grambling,2024-03-20,169,2024-03-20,0,34.80000000000001,34.80000000000001
2024-03-21,Wake Forest Demon Deacons,Appalachian St Mountaineers,139.0,1,wake forest,appalachian state,2024-03-21,163,2024-03-20,-1,24.0,24.0
2024-03-21,Bradley Braves,Loyola (Chi) Ramblers,133.0,1,bradley,loyola (il),2024-03-21,136,2024-03-20,-1,3.0,3.0
2024-03-21,Cincinnati Bearcats,San Francisco Dons,137.0,1,cincinnati,san francisco,2024-03-21,145,2024-03-20,-1,8.0,8.0
2024-03-21,Villanova Wildcats,VCU Rams,118.5,1,villanova,vcu,2024-03-21,131,2024-03-20,-1,12.5,12.5
2024-03-31,Alabama Crimson Tide,Clemson Tigers,164.5,14,alabama,clemson,2024-03-31,171,2024-03-30,-1,6.5,6.5
